_id,name,symbol,contractAddress,chain,logo,decimal,financialData,live,createdAt,updatedAt,__v
{'$oid': '623cd408ff3bd6deaeb3b9bf'},Conjure,CNJ,0x00A55375002f3cDa400383F479e7Cd57Bad029A9,{'$oid': '623c7bc416dc4a608cd24b00'},https://s2.coinmarketcap.com/static/img/coins/64x64/12123.png,2,"{'price': 0, 'volume24h': None, 'volumeChange24h': None, 'percentChange1h': None, 'percentChange24h': None, 'percentChange7d': None, 'percentChange30d': None, 'percentChange60d': None, 'percentChange90d': None, 'marketCap': None, 'marketCapDominance': None, 'fullyDilutedMarketCap': None, 'lastUpdated': {'$date': '2022-03-24T20:26:48.312Z'}}",True,{'$date': '2022-03-24T20:26:48.393Z'},{'$date': '2022-03-24T20:26:48.393Z'},0
{'$oid': '623e1d5fd02aba1aed362f99'},Alchemix,ALCX,0xdbdb4d16eda451d0503b854cf79d55697f90c8df,{'$oid': '623c7bc416dc4a608cd24b00'},https://s2.coinmarketcap.com/static/img/coins/64x64/8613.png,18,"{'price': 107.11830477783992, 'volume24h': 23941033.29288571, 'volumeChange24h': 98.6279, 'percentChange1h': -2.59071713, 'percentChange24h': 2.32142785, 'percentChange7d': 9.30977353, 'percentChange30d': -20.50368947, 'percentChange60d': -29.94604254, 'percentChange90d': -47.40542746, 'marketCap': 128138631.82634969, 'marketCapDominance': 0.0064, 'fullyDilutedMarketCap': 167420018.86, 'lastUpdated': {'$date': '2022-03-25T19:50:00Z'}}",True,{'$date': '2022-03-25T19:51:59.218Z'},{'$date': '2022-03-25T19:51:59.218Z'},0
{'$oid': '623e30db29f0a800b9b76b4b'},Aavegotchi,GHST,0x3F382DbD960E3a9bbCeaE22651E88158d2791550,{'$oid': '623c7bc416dc4a608cd24b00'},https://s2.coinmarketcap.com/static/img/coins/64x64/7046.png,18,"{'price': 2.012771261108906, 'volume24h': 22229642.93208988, 'volumeChange24h': -26.2485, 'percentChange1h': -0.0839251, 'percentChange24h': -0.8190490300000001, 'percentChange7d': 2.86166081, 'percentChange30d': 1.9680994900000002, 'percentChange60d': 0.51513232, 'percentChange90d': -15.60225555, 'marketCap': 125211404.21640775, 'marketCapDominance': 0.0063, 'fullyDilutedMarketCap': 128762261.81, 'lastUpdated': {'$date': '2022-03-25T21:13:00Z'}}",True,{'$date': '2022-03-25T21:15:07.758Z'},{'$date': '2022-03-25T21:15:07.758Z'},0
{'$oid': '623e30dd29f0a800b9b76b4d'},Decentraland,MANA,0x0f5d2fb29fb7d3cfee444a200298f468908cc942,{'$oid': '623c7bc416dc4a608cd24b00'},https://s2.coinmarketcap.com/static/img/coins/64x64/1966.png,18,"{'price': 2.604602184904296, 'volume24h': 462027472.1362607, 'volumeChange24h': -35.9028, 'percentChange1h': 0.08114252, 'percentChange24h': -1.60651805, 'percentChange7d': 6.5770398199999995, 'percentChange30d': -0.74814829, 'percentChange60d': 25.01485821, 'percentChange90d': -30.90464572, 'marketCap': 4794600324.779664, 'marketCapDominance': 0.2399, 'fullyDilutedMarketCap': 5713784124.76, 'lastUpdated': {'$date': '2022-03-25T21:13:00Z'}}",True,{'$date': '2022-03-25T21:15:09.820Z'},{'$date': '2022-03-25T21:15:09.820Z'},0
{'$oid': '623e30df29f0a800b9b76b4f'},Magic Ethereum Money,MEM,0x343e59d9d835e35b07fe80f5bb544f8ed1cd3b11,{'$oid': '623c7bc416dc4a608cd24b00'},https://s2.coinmarketcap.com/static/img/coins/64x64/18249.png,18,"{'price': 4.969090568e-06, 'volume24h': 97510.2757768, 'volumeChange24h': 102.6711, 'percentChange1h': -3.10799268, 'percentChange24h': -1.08908046, 'percentChange7d': -20.80117302, 'percentChange30d': 23.76757858, 'percentChange60d': 37.16541453, 'percentChange90d': 37.16541453, 'marketCap': 0, 'marketCapDominance': 0, 'fullyDilutedMarketCap': 4969090.57, 'lastUpdated': {'$date': '2022-03-25T21:13:00Z'}}",True,{'$date': '2022-03-25T21:15:11.304Z'},{'$date': '2022-03-25T21:15:11.304Z'},0
{'$oid': '623e30e129f0a800b9b76b51'},Pickle Finance,PICKLE,0x429881672B9AE42b8EbA0E26cD9C73711b891Ca5,{'$oid': '623c7bc416dc4a608cd24b00'},https://s2.coinmarketcap.com/static/img/coins/64x64/7022.png,18,"{'price': 4.283644423236288, 'volume24h': 736507.17732018, 'volumeChange24h': 3.7986, 'percentChange1h': -0.34501619, 'percentChange24h': -2.93990673, 'percentChange7d': 8.50039718, 'percentChange30d': -31.74655404, 'percentChange60d': -32.32975651, 'percentChange90d': -40.63553418, 'marketCap': 8173323.645322405, 'marketCapDominance': 0, 'fullyDilutedMarketCap': 8191967.97, 'lastUpdated': {'$date': '2022-03-25T21:13:00Z'}}",True,{'$date': '2022-03-25T21:15:13.166Z'},{'$date': '2022-03-25T21:15:13.166Z'},0
{'$oid': '623e30e229f0a800b9b76b53'},Augur,REP,0x1985365e9f78359a9B6AD760e32412f4a445E862,{'$oid': '623c7bc416dc4a608cd24b00'},https://s2.coinmarketcap.com/static/img/coins/64x64/1104.png,18,"{'price': 14.607278228658382, 'volume24h': 10808674.7285229, 'volumeChange24h': -15.8025, 'percentChange1h': 0.29594838, 'percentChange24h': -0.21113618, 'percentChange7d': 6.39796359, 'percentChange30d': 2.96874556, 'percentChange60d': 19.79960368, 'percentChange90d': -30.84022628, 'marketCap': 160680060.5152422, 'marketCapDominance': 0.008, 'fullyDilutedMarketCap': 160680060.52, 'lastUpdated': {'$date': '2022-03-25T21:14:00Z'}}",True,{'$date': '2022-03-25T21:15:14.625Z'},{'$date': '2022-03-25T21:15:14.625Z'},0
{'$oid': '623e30e429f0a800b9b76b55'},Synthetix,SNX,0xc011a73ee8576fb46f5e1c5751ca3b9fe0af2a6f,{'$oid': '623c7bc416dc4a608cd24b00'},https://s2.coinmarketcap.com/static/img/coins/64x64/2586.png,18,"{'price': 5.075015233053564, 'volume24h': 99378049.10963742, 'volumeChange24h': -32.5275, 'percentChange1h': 0.50460743, 'percentChange24h': -3.29956485, 'percentChange7d': -0.09359911, 'percentChange30d': 30.58052973, 'percentChange60d': 21.25227222, 'percentChange90d': -13.18968748, 'marketCap': 582822529.4230187, 'marketCapDominance': 0.0292, 'fullyDilutedMarketCap': 1078055710.84, 'lastUpdated': {'$date': '2022-03-25T21:14:00Z'}}",False,{'$date': '2022-03-25T21:15:16.412Z'},{'$date': '2022-03-25T21:15:16.412Z'},0
{'$oid': '623fb4705d68f16a7b80d16f'},1inch Network,1INCH,0x111111111117dc0aa78b770fa6a738034120c302,{'$oid': '623c7bc416dc4a608cd24b00'},https://s2.coinmarketcap.com/static/img/coins/64x64/8104.png,18,"{'price': 1.6467333409833191, 'volume24h': 66087236.55299664, 'volumeChange24h': -15.3814, 'percentChange1h': 0.98959476, 'percentChange24h': 4.19383907, 'percentChange7d': 0.11468957, 'percentChange30d': 22.98245737, 'percentChange60d': 3.05945404, 'percentChange90d': -40.22154307, 'marketCap': 681381658.799528, 'marketCapDominance': 0.033800000000000004, 'fullyDilutedMarketCap': 2470100011.47, 'lastUpdated': {'$date': '2022-03-27T00:47:00Z'}}",False,{'$date': '2022-03-27T00:48:48.887Z'},{'$date': '2022-03-27T00:48:48.887Z'},0
{'$oid': '623fc1f017f99988906aa299'},Multichain,MULTI,0x65ef703f5594d2573eb71aaf55bc0cb548492df4,{'$oid': '623c7bc416dc4a608cd24b00'},https://s2.coinmarketcap.com/static/img/coins/64x64/17050.png,18,"{'price': 12.489020831215786, 'volume24h': 436127.9705425, 'volumeChange24h': -92.7927, 'percentChange1h': 0.13967912, 'percentChange24h': -0.76516072, 'percentChange7d': 36.42491521, 'percentChange30d': -0.26599196, 'percentChange60d': -39.32413678, 'percentChange90d': -29.01401632, 'marketCap': 0, 'marketCapDominance': 0, 'fullyDilutedMarketCap': 1248902083.12, 'lastUpdated': {'$date': '2022-03-27T01:45:00Z'}}",False,{'$date': '2022-03-27T01:46:24.287Z'},{'$date': '2022-03-27T01:46:24.287Z'},0
{'$oid': '623fc39117f99988906aa29d'},Uniswap,UNI,0x1f9840a85d5af5bf1d1762f925bdaddc4201f984,{'$oid': '623c7bc416dc4a608cd24b00'},https://s2.coinmarketcap.com/static/img/coins/64x64/7083.png,18,"{'price': 10.739393896160934, 'volume24h': 151963535.3659591, 'volumeChange24h': -41.9995, 'percentChange1h': 0.89376254, 'percentChange24h': 1.74530079, 'percentChange7d': 12.54538279, 'percentChange30d': 20.49299477, 'percentChange60d': 1.81593363, 'percentChange90d': -43.27341775, 'marketCap': 7399503306.152232, 'marketCapDominance': 0.36660000000000004, 'fullyDilutedMarketCap': 10739393896.16, 'lastUpdated': {'$date': '2022-03-27T01:52:00Z'}}",False,{'$date': '2022-03-27T01:53:21.459Z'},{'$date': '2022-03-27T01:53:21.459Z'},0
{'$oid': '623fc39617f99988906aa2a0'},0x,ZRX,0xe41d2489571d322189246dafa5ebde1f4699f498,{'$oid': '623c7bc416dc4a608cd24b00'},https://s2.coinmarketcap.com/static/img/coins/64x64/1896.png,18,"{'price': 0.8129670020381771, 'volume24h': 239491614.98072013, 'volumeChange24h': 631.3376, 'percentChange1h': 25.17980486, 'percentChange24h': 39.83067257, 'percentChange7d': 50.70079482, 'percentChange30d': 59.44885055, 'percentChange60d': 55.36183566, 'percentChange90d': -7.84435243, 'marketCap': 688986326.912192, 'marketCapDominance': 0.0341, 'fullyDilutedMarketCap': 812967002.04, 'lastUpdated': {'$date': '2022-03-27T01:52:00Z'}}",False,{'$date': '2022-03-27T01:53:26.788Z'},{'$date': '2022-03-27T01:53:26.788Z'},0
{'$oid': '623fc39c17f99988906aa2a3'},Serum,SRM,0x476c5e26a75bd202a9683ffd34359c0cc15be0ff,{'$oid': '623c7bc416dc4a608cd24b00'},https://s2.coinmarketcap.com/static/img/coins/64x64/6187.png,18,"{'price': 2.9366678660760073, 'volume24h': 140575543.76162407, 'volumeChange24h': -57.2691, 'percentChange1h': -0.82994704, 'percentChange24h': -3.07026774, 'percentChange7d': 3.48431486, 'percentChange30d': 59.68403503, 'percentChange60d': 39.84833723, 'percentChange90d': -27.23055775, 'marketCap': 391257490.0027759, 'marketCapDominance': 0.0194, 'fullyDilutedMarketCap': 29839482187.2, 'lastUpdated': {'$date': '2022-03-27T01:52:00Z'}}",False,{'$date': '2022-03-27T01:53:32.596Z'},{'$date': '2022-03-27T01:53:32.596Z'},0
{'$oid': '623fc39e17f99988906aa2a6'},IoTeX,IOTX,0x6fb3e0a217407efff7ca062d46c26e5d60a14d69,{'$oid': '623c7bc416dc4a608cd24b00'},https://s2.coinmarketcap.com/static/img/coins/64x64/2777.png,18,"{'price': 0.09119615087328001, 'volume24h': 35264535.54591545, 'volumeChange24h': -41.9639, 'percentChange1h': -0.58512935, 'percentChange24h': 2.6100431, 'percentChange7d': 14.74636781, 'percentChange30d': 28.18792589, 'percentChange60d': 27.3216223, 'percentChange90d': -35.53452422, 'marketCap': 870082350.708252, 'marketCapDominance': 0.0431, 'fullyDilutedMarketCap': 911961508.73, 'lastUpdated': {'$date': '2022-03-27T01:52:00Z'}}",False,{'$date': '2022-03-27T01:53:34.894Z'},{'$date': '2022-03-27T01:53:34.894Z'},0
{'$oid': '623fc3a217f99988906aa2a9'},Dego Finance,DEGO,0x88ef27e69108b2633f8e1c184cc37940a075cc02,{'$oid': '623c7bc416dc4a608cd24b00'},https://s2.coinmarketcap.com/static/img/coins/64x64/7087.png,18,"{'price': 3.315199355053813, 'volume24h': 16322509.67791119, 'volumeChange24h': 4.7469, 'percentChange1h': 0.08715254, 'percentChange24h': 4.6271748200000005, 'percentChange7d': 11.58659762, 'percentChange30d': 23.94519576, 'percentChange60d': -6.47195416, 'percentChange90d': -52.59879928, 'marketCap': 28535190.570301153, 'marketCapDominance': 0, 'fullyDilutedMarketCap': 69619186.46, 'lastUpdated': {'$date': '2022-03-27T01:52:00Z'}}",False,{'$date': '2022-03-27T01:53:38.255Z'},{'$date': '2022-03-27T01:53:38.255Z'},0
{'$oid': '623fc3a317f99988906aa2ac'},Illuvium,ILV,0x767fe9edc9e0df98e07454847909b5e959d7ca0e,{'$oid': '623c7bc416dc4a608cd24b00'},https://s2.coinmarketcap.com/static/img/coins/64x64/8719.png,18,"{'price': 592.61686391292, 'volume24h': 16223620.46369312, 'volumeChange24h': -40.4368, 'percentChange1h': 0.17649451, 'percentChange24h': 2.74710186, 'percentChange7d': 4.68682615, 'percentChange30d': 13.21595011, 'percentChange60d': 3.63548567, 'percentChange90d': -48.62726757, 'marketCap': 385607566.774811, 'marketCapDominance': 0.019100000000000002, 'fullyDilutedMarketCap': 5926168639.13, 'lastUpdated': {'$date': '2022-03-27T01:52:00Z'}}",False,{'$date': '2022-03-27T01:53:40.001Z'},{'$date': '2022-03-27T01:53:40.001Z'},0
{'$oid': '623fc3a617f99988906aa2af'},Impossible Finance,IF,0xb0e1fc65c1a741b4662b813eb787d369b8614af1,{'$oid': '623c7bc416dc4a608cd24b00'},https://s2.coinmarketcap.com/static/img/coins/64x64/10932.png,18,"{'price': 0.5457210656697791, 'volume24h': 698.04274734, 'volumeChange24h': -90.1905, 'percentChange1h': 0.77473638, 'percentChange24h': 0.40993706, 'percentChange7d': 16.24834087, 'percentChange30d': 15.2434369, 'percentChange60d': -18.39984169, 'percentChange90d': -55.43289833, 'marketCap': 3274687.1156430854, 'marketCapDominance': 0, 'fullyDilutedMarketCap': 11460142.38, 'lastUpdated': {'$date': '2022-03-27T01:52:00Z'}}",False,{'$date': '2022-03-27T01:53:42.262Z'},{'$date': '2022-03-27T01:53:42.262Z'},0
{'$oid': '623fc3a917f99988906aa2b2'},Braintrust,BTRST,0x799ebfabe77a6e34311eeee9825190b9ece32824,{'$oid': '623c7bc416dc4a608cd24b00'},https://s2.coinmarketcap.com/static/img/coins/64x64/11584.png,18,"{'price': 3.268603813753301, 'volume24h': 2595025.8495862, 'volumeChange24h': -2.0674, 'percentChange1h': -0.03971039, 'percentChange24h': -0.3605517, 'percentChange7d': -3.25736715, 'percentChange30d': 10.80933192, 'percentChange60d': -5.84852348, 'percentChange90d': -11.12225944, 'marketCap': 291227752.4659633, 'marketCapDominance': 0.014400000000000001, 'fullyDilutedMarketCap': 817150953.44, 'lastUpdated': {'$date': '2022-03-27T01:52:00Z'}}",False,{'$date': '2022-03-27T01:53:45.575Z'},{'$date': '2022-03-27T01:53:45.575Z'},0
{'$oid': '623fc3ac17f99988906aa2b5'},Origin Protocol,OGN,0x8207c1ffc5b6804f6024322ccf34f29c3541ae26,{'$oid': '623c7bc416dc4a608cd24b00'},https://s2.coinmarketcap.com/static/img/coins/64x64/5117.png,18,"{'price': 0.6156808557322241, 'volume24h': 150446442.666286, 'volumeChange24h': -4.2646, 'percentChange1h': 0.69683435, 'percentChange24h': 1.21093116, 'percentChange7d': -13.06475893, 'percentChange30d': 123.36593916, 'percentChange60d': 91.97823569, 'percentChange90d': -16.22933685, 'marketCap': 239235561.1227244, 'marketCapDominance': 0.0119, 'fullyDilutedMarketCap': 615680855.73, 'lastUpdated': {'$date': '2022-03-27T01:52:00Z'}}",False,{'$date': '2022-03-27T01:53:48.655Z'},{'$date': '2022-03-27T01:53:48.655Z'},0
{'$oid': '623fc3af17f99988906aa2b8'},Ren,REN,0x408e41876cccdc0f92210600ef50372656052a38,{'$oid': '623c7bc416dc4a608cd24b00'},https://s2.coinmarketcap.com/static/img/coins/64x64/2539.png,18,"{'price': 0.40387687937877303, 'volume24h': 31171702.6262061, 'volumeChange24h': -19.3939, 'percentChange1h': 2.55112812, 'percentChange24h': 8.4737149, 'percentChange7d': 12.52111501, 'percentChange30d': 38.40949904, 'percentChange60d': 30.76237716, 'percentChange90d': -38.01043734, 'marketCap': 403488148.0285292, 'marketCapDominance': 0.02, 'fullyDilutedMarketCap': 403876879.38, 'lastUpdated': {'$date': '2022-03-27T01:52:00Z'}}",False,{'$date': '2022-03-27T01:53:51.970Z'},{'$date': '2022-03-27T01:53:51.970Z'},0
{'$oid': '623fc3b217f99988906aa2bb'},Ethereum Push Notification Service,PUSH,0xf418588522d5dd018b425E472991E52EBBeEEEEE,{'$oid': '623c7bc416dc4a608cd24b00'},https://s2.coinmarketcap.com/static/img/coins/64x64/9111.png,18,"{'price': 1.1938117187278101, 'volume24h': 1509533.65582299, 'volumeChange24h': -7.6096, 'percentChange1h': 0.13718975, 'percentChange24h': -2.51403038, 'percentChange7d': 5.37131317, 'percentChange30d': 17.46222463, 'percentChange60d': -10.77339734, 'percentChange90d': -43.63892142, 'marketCap': 18250905.21384358, 'marketCapDominance': 0, 'fullyDilutedMarketCap': 119381171.87, 'lastUpdated': {'$date': '2022-03-27T01:52:00Z'}}",False,{'$date': '2022-03-27T01:53:54.225Z'},{'$date': '2022-03-27T01:53:54.225Z'},0
{'$oid': '623fc3b817f99988906aa2be'},SKALE Network,SKL,0x00c83aecc790e8a4453e5dd3b0b4b3680501a7a7,{'$oid': '623c7bc416dc4a608cd24b00'},https://s2.coinmarketcap.com/static/img/coins/64x64/5691.png,18,"{'price': 0.166949232175854, 'volume24h': 107278554.1776778, 'volumeChange24h': 273.0587, 'percentChange1h': -2.85937092, 'percentChange24h': 19.52611905, 'percentChange7d': 28.56956544, 'percentChange30d': 37.19450685, 'percentChange60d': 46.63781696, 'percentChange90d': -29.84956926, 'marketCap': 541767092.7364734, 'marketCapDominance': 0.0268, 'fullyDilutedMarketCap': 1168644625.23, 'lastUpdated': {'$date': '2022-03-27T01:52:00Z'}}",False,{'$date': '2022-03-27T01:54:00.542Z'},{'$date': '2022-03-27T01:54:00.542Z'},0
{'$oid': '623fc3ba17f99988906aa2c1'},Quantstamp,QSP,0x99ea4db9ee77acd40b119bd1dc4e33e1c070b80d,{'$oid': '623c7bc416dc4a608cd24b00'},https://s2.coinmarketcap.com/static/img/coins/64x64/2212.png,18,"{'price': 0.069306438035428, 'volume24h': 3802309.52760472, 'volumeChange24h': -62.6434, 'percentChange1h': 1.7881026800000002, 'percentChange24h': 1.40239215, 'percentChange7d': 54.85351498, 'percentChange30d': 50.1027498, 'percentChange60d': 185.32366051, 'percentChange90d': 57.09873525, 'marketCap': 49471070.38885554, 'marketCapDominance': 0.0025, 'fullyDilutedMarketCap': 67673743.88, 'lastUpdated': {'$date': '2022-03-27T01:52:00Z'}}",False,{'$date': '2022-03-27T01:54:02.806Z'},{'$date': '2022-03-27T01:54:02.806Z'},0
{'$oid': '623fc3bd17f99988906aa2c4'},Wilder World,WILD,0x2a3bff78b79a009976eea096a51a948a3dc00e34,{'$oid': '623c7bc416dc4a608cd24b00'},https://s2.coinmarketcap.com/static/img/coins/64x64/9674.png,18,"{'price': 1.201483870338689, 'volume24h': 3964950.02708425, 'volumeChange24h': 49.604, 'percentChange1h': -0.16680416, 'percentChange24h': -0.77986723, 'percentChange7d': -3.65817321, 'percentChange30d': -23.2447541, 'percentChange60d': -30.38472089, 'percentChange90d': -69.84422286, 'marketCap': 100544135.37096591, 'marketCapDominance': 0, 'fullyDilutedMarketCap': 600741935.17, 'lastUpdated': {'$date': '2022-03-27T01:52:00Z'}}",False,{'$date': '2022-03-27T01:54:05.459Z'},{'$date': '2022-03-27T01:54:05.459Z'},0
{'$oid': '623fc3c117f99988906aa2c7'},Magic Internet Money,MIM,0x99d8a9c45b2eca8864373a26d1459e3dff1e17f3,{'$oid': '623c7bc416dc4a608cd24b00'},https://s2.coinmarketcap.com/static/img/coins/64x64/162.png,18,"{'price': 0.9895586762703971, 'volume24h': 16883095.10435916, 'volumeChange24h': -80.9202, 'percentChange1h': 0.03726947, 'percentChange24h': 0.20560989000000002, 'percentChange7d': -0.81982426, 'percentChange30d': -0.7536511300000001, 'percentChange60d': -0.91860735, 'percentChange90d': -1.05740381, 'marketCap': 0, 'marketCapDominance': 0.09480000000000001, 'fullyDilutedMarketCap': 1913165450.72, 'lastUpdated': {'$date': '2022-03-27T01:52:00Z'}}",False,{'$date': '2022-03-27T01:54:09.550Z'},{'$date': '2022-03-27T01:54:09.550Z'},0
{'$oid': '623fc3c517f99988906aa2ca'},Akropolis,AKRO,0x8ab7404063ec4dbcfd4598215992dc3f8ec853d7,{'$oid': '623c7bc416dc4a608cd24b00'},https://s2.coinmarketcap.com/static/img/coins/64x64/4134.png,18,"{'price': 0.013057907665906001, 'volume24h': 6075246.67639826, 'volumeChange24h': -38.0922, 'percentChange1h': 0.5709686900000001, 'percentChange24h': 6.6884948699999995, 'percentChange7d': 8.00760959, 'percentChange30d': 6.49113966, 'percentChange60d': 5.64057686, 'percentChange90d': -49.04602899, 'marketCap': 50202280.830285005, 'marketCapDominance': 0.0025, 'fullyDilutedMarketCap': 52231630.66, 'lastUpdated': {'$date': '2022-03-27T01:52:00Z'}}",False,{'$date': '2022-03-27T01:54:13.700Z'},{'$date': '2022-03-27T01:54:13.700Z'},0
{'$oid': '623fc3c717f99988906aa2cd'},UMA,UMA,0x04Fa0d235C4abf4BcF4787aF4CF447DE572eF828,{'$oid': '623c7bc416dc4a608cd24b00'},https://s2.coinmarketcap.com/static/img/coins/64x64/5617.png,18,"{'price': 7.787400193252948, 'volume24h': 102053172.91271459, 'volumeChange24h': 99.261, 'percentChange1h': -0.07320569, 'percentChange24h': 2.41271316, 'percentChange7d': 1.97416569, 'percentChange30d': 63.56925566, 'percentChange60d': 33.73873048, 'percentChange90d': -25.76074184, 'marketCap': 509951786.0224354, 'marketCapDominance': 0.0253, 'fullyDilutedMarketCap': 787871291.17, 'lastUpdated': {'$date': '2022-03-27T01:53:00Z'}}",False,{'$date': '2022-03-27T01:54:15.969Z'},{'$date': '2022-03-27T01:54:15.969Z'},0
{'$oid': '623fc3ca17f99988906aa2d0'},Covalent,CQT,0xD417144312DbF50465b1C641d016962017Ef6240,{'$oid': '623c7bc416dc4a608cd24b00'},https://s2.coinmarketcap.com/static/img/coins/64x64/7411.png,18,"{'price': 0.36433166335207, 'volume24h': 4426069.440857, 'volumeChange24h': -26.2003, 'percentChange1h': -0.09282163, 'percentChange24h': -3.3480453, 'percentChange7d': 8.11782131, 'percentChange30d': 10.80084458, 'percentChange60d': -6.59265943, 'percentChange90d': -40.30204718, 'marketCap': 92847370.20225884, 'marketCapDominance': 0.0046, 'fullyDilutedMarketCap': 364331663.35, 'lastUpdated': {'$date': '2022-03-27T01:53:00Z'}}",False,{'$date': '2022-03-27T01:54:18.757Z'},{'$date': '2022-03-27T01:54:18.757Z'},0
{'$oid': '623fc3cc17f99988906aa2d3'},DIA,DIA,0x84ca8bc7997272c7cfb4d0cd3d55cd942b3c9419,{'$oid': '623c7bc416dc4a608cd24b00'},https://s2.coinmarketcap.com/static/img/coins/64x64/6138.png,18,"{'price': 1.034051990900815, 'volume24h': 8199765.21006938, 'volumeChange24h': -16.5837, 'percentChange1h': 2.12333057, 'percentChange24h': 4.90888527, 'percentChange7d': 9.16542919, 'percentChange30d': 0.77653297, 'percentChange60d': -0.33259356, 'percentChange90d': -28.07514584, 'marketCap': 68198116.42595576, 'marketCapDominance': 0.0034000000000000002, 'fullyDilutedMarketCap': 206810398.18, 'lastUpdated': {'$date': '2022-03-27T01:53:00Z'}}",False,{'$date': '2022-03-27T01:54:20.868Z'},{'$date': '2022-03-27T01:54:20.868Z'},0
{'$oid': '623fc3cf17f99988906aa2d6'},TRVL,TRVL,0xd47bdf574b4f76210ed503e0efe81b58aa061f3d,{'$oid': '623c7bc416dc4a608cd24b00'},https://s2.coinmarketcap.com/static/img/coins/64x64/14336.png,18,"{'price': 0.11606006343892, 'volume24h': 160577.6111484, 'volumeChange24h': -63.9113, 'percentChange1h': -0.02145087, 'percentChange24h': 1.49365065, 'percentChange7d': 19.92405493, 'percentChange30d': -5.15286653, 'percentChange60d': -41.39001596, 'percentChange90d': -69.82402311, 'marketCap': 0, 'marketCapDominance': 0, 'fullyDilutedMarketCap': 116060063.44, 'lastUpdated': {'$date': '2022-03-27T01:53:00Z'}}",False,{'$date': '2022-03-27T01:54:23.545Z'},{'$date': '2022-03-27T01:54:23.545Z'},0
{'$oid': '623fc3d117f99988906aa2d9'},The Doge NFT,DOG,0xbaac2b4491727d78d2b78815144570b9f2fe8899,{'$oid': '623c7bc416dc4a608cd24b00'},https://s2.coinmarketcap.com/static/img/coins/64x64/11557.png,18,"{'price': 0.0046098060832710005, 'volume24h': 6293656.67378085, 'volumeChange24h': 5906.2637, 'percentChange1h': 0.29597198, 'percentChange24h': 58.93711253, 'percentChange7d': 82.21404111, 'percentChange30d': 40.68280079, 'percentChange60d': 55.36533842, 'percentChange90d': -36.91883895, 'marketCap': 0, 'marketCapDominance': 0, 'fullyDilutedMarketCap': 78227012.32, 'lastUpdated': {'$date': '2022-03-27T01:53:00Z'}}",False,{'$date': '2022-03-27T01:54:25.633Z'},{'$date': '2022-03-27T01:54:25.633Z'},0
{'$oid': '623fc3d317f99988906aa2dc'},Global Coin Research,GCR,0x6307b25a665efc992ec1c1bc403c38f3ddd7c661,{'$oid': '623c7bc416dc4a608cd24b00'},https://s2.coinmarketcap.com/static/img/coins/64x64/11496.png,18,"{'price': 4.35341238397068, 'volume24h': 23449.27270754, 'volumeChange24h': 0, 'percentChange1h': 0.00159492, 'percentChange24h': -0.8143713100000001, 'percentChange7d': -1.06205224, 'percentChange30d': 3.28912438, 'percentChange60d': 81.23946318, 'percentChange90d': 124.5443856, 'marketCap': 17413649.53588272, 'marketCapDominance': 0, 'fullyDilutedMarketCap': 43534123.84, 'lastUpdated': {'$date': '2022-03-27T01:53:00Z'}}",False,{'$date': '2022-03-27T01:54:27.728Z'},{'$date': '2022-03-27T01:54:27.728Z'},0
{'$oid': '623fc3d817f99988906aa2e0'},Friends With Benefits Pro,FWB,0x35bd01fc9d6d5d81ca9e055db88dc49aa2c699a8,{'$oid': '623c7bc416dc4a608cd24b00'},https://s2.coinmarketcap.com/static/img/coins/64x64/10090.png,18,"{'price': 60.31077006352082, 'volume24h': 53830.10985958, 'volumeChange24h': -23.2101, 'percentChange1h': 0.26720832, 'percentChange24h': 2.33708684, 'percentChange7d': 6.51646819, 'percentChange30d': 36.23478349, 'percentChange60d': 32.30322866, 'percentChange90d': -19.09337116, 'marketCap': 0, 'marketCapDominance': 0, 'fullyDilutedMarketCap': 60310770.06, 'lastUpdated': {'$date': '2022-03-27T01:53:00Z'}}",False,{'$date': '2022-03-27T01:54:32.795Z'},{'$date': '2022-03-27T01:54:32.795Z'},0
{'$oid': '623fc3dd17f99988906aa2e4'},BitDAO,BIT,0x1A4b46696b2bB4794Eb3D4c26f1c55F9170fa4C5,{'$oid': '623c7bc416dc4a608cd24b00'},https://s2.coinmarketcap.com/static/img/coins/64x64/11221.png,18,"{'price': 1.235937578896803, 'volume24h': 22286345.92310438, 'volumeChange24h': -45.5473, 'percentChange1h': -0.11024099999999999, 'percentChange24h': 1.05934015, 'percentChange7d': 9.75291629, 'percentChange30d': -0.71162627, 'percentChange60d': -18.03582389, 'percentChange90d': -34.06004046, 'marketCap': 724604177.1974177, 'marketCapDominance': 0, 'fullyDilutedMarketCap': 12359375788.97, 'lastUpdated': {'$date': '2022-03-27T01:53:00Z'}}",False,{'$date': '2022-03-27T01:54:37.046Z'},{'$date': '2022-03-27T01:54:37.046Z'},0
{'$oid': '623fc3df17f99988906aa2e7'},Sarcophagus,SARCO,0x7697b462a7c4ff5f8b55bdbc2f4076c2af9cf51a,{'$oid': '623c7bc416dc4a608cd24b00'},https://s2.coinmarketcap.com/static/img/coins/64x64/10348.png,18,"{'price': 0.631688516504582, 'volume24h': 5779.97171634, 'volumeChange24h': -78.0022, 'percentChange1h': 0.81298899, 'percentChange24h': 1.45440226, 'percentChange7d': 38.92048076, 'percentChange30d': 22.12920086, 'percentChange60d': -16.97442079, 'percentChange90d': -37.05701146, 'marketCap': 9887332.037476746, 'marketCapDominance': 0, 'fullyDilutedMarketCap': 63168851.65, 'lastUpdated': {'$date': '2022-03-27T01:53:00Z'}}",False,{'$date': '2022-03-27T01:54:39.861Z'},{'$date': '2022-03-27T01:54:39.861Z'},0
{'$oid': '623fc3e217f99988906aa2eb'},DODO,DODO,0x43dfc4159d86f3a37a5a4b3d4580b888ad7d4ddd,{'$oid': '623c7bc416dc4a608cd24b00'},https://s2.coinmarketcap.com/static/img/coins/64x64/7224.png,18,"{'price': 0.448055300204784, 'volume24h': 26094938.6631064, 'volumeChange24h': -12.8976, 'percentChange1h': 0.10513553, 'percentChange24h': 2.6968660399999997, 'percentChange7d': 4.0322519, 'percentChange30d': 5.36435837, 'percentChange60d': -10.09466942, 'percentChange90d': -55.42512086, 'marketCap': 49533393.866303876, 'marketCapDominance': 0.0025, 'fullyDilutedMarketCap': 448055300.2, 'lastUpdated': {'$date': '2022-03-27T01:53:00Z'}}",False,{'$date': '2022-03-27T01:54:42.833Z'},{'$date': '2022-03-27T01:54:42.833Z'},0
{'$oid': '623fc3e417f99988906aa2ee'},Balancer,BAL,0xba100000625a3754423978a60c9317c58a424e3D,{'$oid': '623c7bc416dc4a608cd24b00'},https://s2.coinmarketcap.com/static/img/coins/64x64/5728.png,18,"{'price': 12.95169721991977, 'volume24h': 12386172.27792318, 'volumeChange24h': -31.4931, 'percentChange1h': 0.31610829, 'percentChange24h': 2.84131669, 'percentChange7d': 4.38994137, 'percentChange30d': 8.88478216, 'percentChange60d': 8.20766613, 'percentChange90d': -29.14520662, 'marketCap': 89934396.65829273, 'marketCapDominance': 0.0045000000000000005, 'fullyDilutedMarketCap': 1295169721.99, 'lastUpdated': {'$date': '2022-03-27T01:53:00Z'}}",False,{'$date': '2022-03-27T01:54:44.560Z'},{'$date': '2022-03-27T01:54:44.560Z'},0
{'$oid': '623fc3e917f99988906aa2f3'},Polymath,POLY,0x9992ec3cf6a55b00978cddf2b27bc6882d88d1ec,{'$oid': '623c7bc416dc4a608cd24b00'},https://s2.coinmarketcap.com/static/img/coins/64x64/2496.png,18,"{'price': 0.45961709053779504, 'volume24h': 26795343.72598557, 'volumeChange24h': 45.1485, 'percentChange1h': 0.60945442, 'percentChange24h': 7.18333656, 'percentChange7d': 9.25451918, 'percentChange30d': 29.69167397, 'percentChange60d': 27.61603119, 'percentChange90d': -15.63626914, 'marketCap': 412989318.0332477, 'marketCapDominance': 0.0205, 'fullyDilutedMarketCap': 459617090.54, 'lastUpdated': {'$date': '2022-03-27T01:53:00Z'}}",False,{'$date': '2022-03-27T01:54:49.951Z'},{'$date': '2022-03-27T01:54:49.951Z'},0
{'$oid': '623fc3ec17f99988906aa2f6'},Gods Unchained,GODS,0xccc8cb5229b0ac8069c51fd58367fd1e622afd97,{'$oid': '623c7bc416dc4a608cd24b00'},https://s2.coinmarketcap.com/static/img/coins/64x64/10631.png,18,"{'price': 1.425792016340989, 'volume24h': 6756335.33757908, 'volumeChange24h': -46.3161, 'percentChange1h': -0.30486585, 'percentChange24h': -0.25038236, 'percentChange7d': 17.88664221, 'percentChange30d': 24.60748696, 'percentChange60d': -37.18446323, 'percentChange90d': -72.22212441, 'marketCap': 33735257.12212749, 'marketCapDominance': 0, 'fullyDilutedMarketCap': 712896008.17, 'lastUpdated': {'$date': '2022-03-27T01:53:00Z'}}",False,{'$date': '2022-03-27T01:54:52.683Z'},{'$date': '2022-03-27T01:54:52.683Z'},0
{'$oid': '623fc3ee17f99988906aa2f9'},Request,REQ,0x8f8221afbb33998d8584a2b05749ba73c37a938a,{'$oid': '623c7bc416dc4a608cd24b00'},https://s2.coinmarketcap.com/static/img/coins/64x64/2071.png,18,"{'price': 0.265886272536409, 'volume24h': 29124384.70378248, 'volumeChange24h': -71.4781, 'percentChange1h': 0.84155472, 'percentChange24h': -1.2064934, 'percentChange7d': 21.96142651, 'percentChange30d': 26.6945786, 'percentChange60d': 16.83133936, 'percentChange90d': -31.52873097, 'marketCap': 265853304.768872, 'marketCapDominance': 0.0132, 'fullyDilutedMarketCap': 265853599.63, 'lastUpdated': {'$date': '2022-03-27T01:53:00Z'}}",False,{'$date': '2022-03-27T01:54:54.801Z'},{'$date': '2022-03-27T01:54:54.801Z'},0
{'$oid': '623fc3f117f99988906aa2fc'},Occam.Fi,OCC,0x2f109021afe75b949429fe30523ee7c0d5b27207,{'$oid': '623c7bc416dc4a608cd24b00'},https://s2.coinmarketcap.com/static/img/coins/64x64/9191.png,18,"{'price': 1.744632632018225, 'volume24h': 3469418.13311363, 'volumeChange24h': 232.7742, 'percentChange1h': -1.2862675700000001, 'percentChange24h': 36.15738133, 'percentChange7d': 141.11940765, 'percentChange30d': 61.76150445, 'percentChange60d': 15.72141174, 'percentChange90d': -42.78515039, 'marketCap': 0, 'marketCapDominance': 0, 'fullyDilutedMarketCap': 173590946.89, 'lastUpdated': {'$date': '2022-03-27T01:53:00Z'}}",False,{'$date': '2022-03-27T01:54:57.035Z'},{'$date': '2022-03-27T01:54:57.035Z'},0
{'$oid': '623fc3f317f99988906aa2ff'},Zoracles,ZORA,0xD8E3FB3b08eBA982F2754988d70D57eDc0055ae6,{'$oid': '623c7bc416dc4a608cd24b00'},https://s2.coinmarketcap.com/static/img/coins/64x64/7826.png,18,"{'price': 57.86819605485119, 'volume24h': 2008.13043025, 'volumeChange24h': 114.3741, 'percentChange1h': 0.26890092, 'percentChange24h': -1.8568891299999999, 'percentChange7d': -0.36227304, 'percentChange30d': -18.62355739, 'percentChange60d': -46.69230276, 'percentChange90d': -86.35237956, 'marketCap': 316133.95504765207, 'marketCapDominance': 0, 'fullyDilutedMarketCap': 578681.96, 'lastUpdated': {'$date': '2022-03-27T01:53:00Z'}}",False,{'$date': '2022-03-27T01:54:59.324Z'},{'$date': '2022-03-27T01:54:59.324Z'},0
{'$oid': '623fc3f517f99988906aa302'},Rari Governance Token,RGT,0xd291e7a03283640fdc51b121ac401383a46cc623,{'$oid': '623c7bc416dc4a608cd24b00'},https://s2.coinmarketcap.com/static/img/coins/64x64/7486.png,18,"{'price': 15.282294629729947, 'volume24h': 3398948.61171596, 'volumeChange24h': -10.8945, 'percentChange1h': 0.13687255, 'percentChange24h': 0.29059008000000003, 'percentChange7d': -0.27593469, 'percentChange30d': -17.38891705, 'percentChange60d': -27.90204863, 'percentChange90d': -45.97375221, 'marketCap': 185918886.48595524, 'marketCapDominance': 0.0092, 'fullyDilutedMarketCap': 190800181.92, 'lastUpdated': {'$date': '2022-03-27T01:53:00Z'}}",False,{'$date': '2022-03-27T01:55:01.428Z'},{'$date': '2022-03-27T01:55:01.428Z'},0
{'$oid': '623fc3f717f99988906aa305'},CUDOS,CUDOS,0x817bbDbC3e8A1204f3691d14bB44992841e3dB35,{'$oid': '623c7bc416dc4a608cd24b00'},https://s2.coinmarketcap.com/static/img/coins/64x64/8258.png,18,"{'price': 0.026885282669822003, 'volume24h': 456858.53738598, 'volumeChange24h': 24.1098, 'percentChange1h': 1.9612017700000002, 'percentChange24h': 19.6188797, 'percentChange7d': 35.66419173, 'percentChange30d': 17.89025841, 'percentChange60d': 5.2261372999999995, 'percentChange90d': -26.77239675, 'marketCap': 76444753.28847474, 'marketCapDominance': 0, 'fullyDilutedMarketCap': 268852826.7, 'lastUpdated': {'$date': '2022-03-27T01:53:00Z'}}",False,{'$date': '2022-03-27T01:55:03.701Z'},{'$date': '2022-03-27T01:55:03.701Z'},0
{'$oid': '623fc3fb17f99988906aa309'},NAOS Finance,NAOS,0x4a615bb7166210cce20e6642a6f8fb5d4d044496,{'$oid': '623c7bc416dc4a608cd24b00'},https://s2.coinmarketcap.com/static/img/coins/64x64/9504.png,18,"{'price': 0.16722664913701601, 'volume24h': 229075.36048741, 'volumeChange24h': -1.5035, 'percentChange1h': 3.6083076800000002, 'percentChange24h': 4.43271323, 'percentChange7d': 10.901800829999999, 'percentChange30d': -6.06642148, 'percentChange60d': -37.57766433, 'percentChange90d': -62.45507889, 'marketCap': 0, 'marketCapDominance': 0, 'fullyDilutedMarketCap': 50167994.74, 'lastUpdated': {'$date': '2022-03-27T01:53:00Z'}}",False,{'$date': '2022-03-27T01:55:07.251Z'},{'$date': '2022-03-27T01:55:07.251Z'},0
{'$oid': '623fc3fd17f99988906aa30c'},Zerogoki,REI,0x011864d37035439e078d64630777ec518138af05,{'$oid': '623c7bc416dc4a608cd24b00'},https://s2.coinmarketcap.com/static/img/coins/64x64/10844.png,18,"{'price': 0.069799475629608, 'volume24h': 0, 'volumeChange24h': 0, 'percentChange1h': 0.0792122, 'percentChange24h': 0.5034187999999999, 'percentChange7d': -5.20365878, 'percentChange30d': 67.97830375, 'percentChange60d': -39.13935823, 'percentChange90d': -34.7273327, 'marketCap': 0, 'marketCapDominance': 0, 'fullyDilutedMarketCap': 2871734.14, 'lastUpdated': {'$date': '2022-03-27T01:53:00Z'}}",False,{'$date': '2022-03-27T01:55:09.540Z'},{'$date': '2022-03-27T01:55:09.540Z'},0
{'$oid': '623fc40017f99988906aa30f'},Mirror Protocol,MIR,0x09a3EcAFa817268f77BE1283176B946C4ff2E608,{'$oid': '623c7bc416dc4a608cd24b00'},https://s2.coinmarketcap.com/static/img/coins/64x64/7857.png,18,"{'price': 1.635471487397056, 'volume24h': 26915548.55991115, 'volumeChange24h': -5.0112, 'percentChange1h': 0.6784321999999999, 'percentChange24h': 1.8531869699999999, 'percentChange7d': -3.45724916, 'percentChange30d': 53.82274274, 'percentChange60d': 36.7993324, 'percentChange90d': -39.69776856, 'marketCap': 127145936.38342762, 'marketCapDominance': 0.0063, 'fullyDilutedMarketCap': 606064846.44, 'lastUpdated': {'$date': '2022-03-27T01:53:00Z'}}",False,{'$date': '2022-03-27T01:55:12.321Z'},{'$date': '2022-03-27T01:55:12.321Z'},0
{'$oid': '623fc40317f99988906aa312'},Rally,RLY,0xf1f955016EcbCd7321c7266BccFB96c68ea5E49b,{'$oid': '623c7bc416dc4a608cd24b00'},https://s2.coinmarketcap.com/static/img/coins/64x64/8075.png,18,"{'price': 0.20763149243793302, 'volume24h': 4238836.30860461, 'volumeChange24h': 11.2601, 'percentChange1h': -0.011860820000000001, 'percentChange24h': 1.47950183, 'percentChange7d': 5.05059644, 'percentChange30d': -4.75431039, 'percentChange60d': -4.13221389, 'percentChange90d': -45.21398754, 'marketCap': 538211873.4463112, 'marketCapDominance': 0.0267, 'fullyDilutedMarketCap': 3114472386.57, 'lastUpdated': {'$date': '2022-03-27T01:54:00Z'}}",False,{'$date': '2022-03-27T01:55:15.856Z'},{'$date': '2022-03-27T01:55:15.856Z'},0
{'$oid': '623fc40617f99988906aa315'},Enzyme,MLN,0xec67005c4e498ec7f55e092bd1d35cbc47c91892,{'$oid': '623c7bc416dc4a608cd24b00'},https://s2.coinmarketcap.com/static/img/coins/64x64/1552.png,18,"{'price': 58.753766821305085, 'volume24h': 5517266.12597564, 'volumeChange24h': 4.8302, 'percentChange1h': -0.55447684, 'percentChange24h': 1.7818078700000002, 'percentChange7d': -0.22207235, 'percentChange30d': 17.9755788, 'percentChange60d': 10.94183733, 'percentChange90d': -32.43472598, 'marketCap': 122988831.38587342, 'marketCapDominance': 0.0061, 'fullyDilutedMarketCap': 107192564.83, 'lastUpdated': {'$date': '2022-03-27T01:54:00Z'}}",False,{'$date': '2022-03-27T01:55:18.678Z'},{'$date': '2022-03-27T01:55:18.678Z'},0
{'$oid': '623fc40a17f99988906aa318'},HOPR,HOPR,0xf5581dfefd8fb0e4aec526be659cfab1f8c781da,{'$oid': '623c7bc416dc4a608cd24b00'},https://s2.coinmarketcap.com/static/img/coins/64x64/6520.png,18,"{'price': 0.162585201857796, 'volume24h': 379664.91709799, 'volumeChange24h': -7.3721, 'percentChange1h': -0.16032341, 'percentChange24h': -0.28776036, 'percentChange7d': -0.88527541, 'percentChange30d': -19.67809479, 'percentChange60d': -21.60577058, 'percentChange90d': -30.19325008, 'marketCap': 27119836.348239698, 'marketCapDominance': 0, 'fullyDilutedMarketCap': 162585201.86, 'lastUpdated': {'$date': '2022-03-27T01:54:00Z'}}",False,{'$date': '2022-03-27T01:55:22.001Z'},{'$date': '2022-03-27T01:55:22.001Z'},0
{'$oid': '623fc40e17f99988906aa31c'},Tornado Cash,TORN,0x77777feddddffc19ff86db637967013e6c6a116c,{'$oid': '623c7bc416dc4a608cd24b00'},https://s2.coinmarketcap.com/static/img/coins/64x64/8049.png,18,"{'price': 45.82054670421894, 'volume24h': 9874350.03050456, 'volumeChange24h': -37.6537, 'percentChange1h': -0.0488662, 'percentChange24h': 1.8431009, 'percentChange7d': 0.71839017, 'percentChange30d': 46.60310791, 'percentChange60d': 119.04057602, 'percentChange90d': 10.68617065, 'marketCap': 50393194.81582108, 'marketCapDominance': 0, 'fullyDilutedMarketCap': 458205467.04, 'lastUpdated': {'$date': '2022-03-27T01:54:00Z'}}",False,{'$date': '2022-03-27T01:55:26.007Z'},{'$date': '2022-03-27T01:55:26.007Z'},0
{'$oid': '623fc41517f99988906aa320'},mStable Governance Token: Meta (MTA),MTA,0xa3BeD4E1c75D00fa6f4E5E6922DB7261B5E9AcD2,{'$oid': '623c7bc416dc4a608cd24b00'},https://s2.coinmarketcap.com/static/img/coins/64x64/5748.png,18,"{'price': 0.419775438813044, 'volume24h': 1259572.47077319, 'volumeChange24h': 22.4646, 'percentChange1h': 0.60912371, 'percentChange24h': -0.81690014, 'percentChange7d': -0.38740435, 'percentChange30d': -29.17709046, 'percentChange60d': -37.5715742, 'percentChange90d': -48.68536609, 'marketCap': 7277455.166551998, 'marketCapDominance': 0, 'fullyDilutedMarketCap': 41975547.68, 'lastUpdated': {'$date': '2022-03-27T01:54:00Z'}}",False,{'$date': '2022-03-27T01:55:33.266Z'},{'$date': '2022-03-27T01:55:33.266Z'},0
{'$oid': '623fc41917f99988906aa323'},Frax,FRAX,0x853d955acef822db058eb8505911ed77f175b99e,{'$oid': '623c7bc416dc4a608cd24b00'},https://s2.coinmarketcap.com/static/img/coins/64x64/6952.png,18,"{'price': 0.9992309877266501, 'volume24h': 24435128.2236717, 'volumeChange24h': -24.908, 'percentChange1h': -0.0161531, 'percentChange24h': 0.19188005, 'percentChange7d': 0.20316043, 'percentChange30d': -0.21501907, 'percentChange60d': 0.007809920000000001, 'percentChange90d': -0.06212053, 'marketCap': 2789444835.8008313, 'marketCapDominance': 0, 'fullyDilutedMarketCap': 2789444835.8, 'lastUpdated': {'$date': '2022-03-27T01:54:00Z'}}",False,{'$date': '2022-03-27T01:55:37.035Z'},{'$date': '2022-03-27T01:55:37.035Z'},0
{'$oid': '623fc42017f99988906aa327'},Ribbon Finance,RBN,0x6123b0049f904d730db3c36a31167d9d4121fa6b,{'$oid': '623c7bc416dc4a608cd24b00'},https://s2.coinmarketcap.com/static/img/coins/64x64/12387.png,18,"{'price': 1.399483623640955, 'volume24h': 3325977.59182721, 'volumeChange24h': 4.6434, 'percentChange1h': -0.56745162, 'percentChange24h': 2.53034706, 'percentChange7d': 39.65188711, 'percentChange30d': 19.88259008, 'percentChange60d': -14.9203962, 'percentChange90d': -30.53580272, 'marketCap': 72811332.58127323, 'marketCapDominance': 0, 'fullyDilutedMarketCap': 1399483623.64, 'lastUpdated': {'$date': '2022-03-27T01:54:00Z'}}",False,{'$date': '2022-03-27T01:55:44.561Z'},{'$date': '2022-03-27T01:55:44.561Z'},0
{'$oid': '623fc42217f99988906aa32a'},DeepCloud AI,DEEP,0x6cbedec4f1ac9d874987d2769596544e0d9161ab,{'$oid': '623c7bc416dc4a608cd24b00'},https://s2.coinmarketcap.com/static/img/coins/64x64/4251.png,18,"{'price': 0.0007062746207750001, 'volume24h': 687.13884517, 'volumeChange24h': 211.1845, 'percentChange1h': 0.7073416100000001, 'percentChange24h': 0.56904634, 'percentChange7d': -16.16255369, 'percentChange30d': -44.72282978, 'percentChange60d': -63.8984463, 'percentChange90d': -70.3066545, 'marketCap': 0, 'marketCapDominance': 0, 'fullyDilutedMarketCap': 141254.92, 'lastUpdated': {'$date': '2022-03-27T01:54:00Z'}}",False,{'$date': '2022-03-27T01:55:46.799Z'},{'$date': '2022-03-27T01:55:46.799Z'},0
{'$oid': '623fc42817f99988906aa32d'},Jarvis Network,JRT,0x8a9c67fee641579deba04928c4bc45f66e26343a,{'$oid': '623c7bc416dc4a608cd24b00'},https://s2.coinmarketcap.com/static/img/coins/64x64/5187.png,18,"{'price': 0.039270962305446, 'volume24h': 236758.4703864, 'volumeChange24h': -15.2086, 'percentChange1h': -0.34983559000000003, 'percentChange24h': 2.9584460100000003, 'percentChange7d': -6.19614023, 'percentChange30d': -18.06219023, 'percentChange60d': -23.77671261, 'percentChange90d': -30.83169924, 'marketCap': 1139088.8275503018, 'marketCapDominance': 0, 'fullyDilutedMarketCap': 8869799.29, 'lastUpdated': {'$date': '2022-03-27T01:54:00Z'}}",False,{'$date': '2022-03-27T01:55:52.526Z'},{'$date': '2022-03-27T01:55:52.526Z'},0
{'$oid': '623fc42b17f99988906aa330'},Perpetual Protocol,PERP,0xbc396689893d065f41bc2c6ecbee5e0085233447,{'$oid': '623c7bc416dc4a608cd24b00'},https://s2.coinmarketcap.com/static/img/coins/64x64/6950.png,18,"{'price': 4.880325149412461, 'volume24h': 24221570.83080232, 'volumeChange24h': -9.6493, 'percentChange1h': -0.15105543, 'percentChange24h': 1.1525427, 'percentChange7d': 18.59872707, 'percentChange30d': 0.0007078200000000001, 'percentChange60d': -16.31042207, 'percentChange90d': -48.76528438, 'marketCap': 363462215.502493, 'marketCapDominance': 0.018000000000000002, 'fullyDilutedMarketCap': 732048772.41, 'lastUpdated': {'$date': '2022-03-27T01:54:00Z'}}",False,{'$date': '2022-03-27T01:55:55.324Z'},{'$date': '2022-03-27T01:55:55.324Z'},0
{'$oid': '623fc42d17f99988906aa333'},Burp,BURP,0x33f391f4c4fe802b70b77ae37670037a92114a7c,{'$oid': '623c7bc416dc4a608cd24b00'},https://s2.coinmarketcap.com/static/img/coins/64x64/10713.png,18,"{'price': 0.026256972274635002, 'volume24h': 79232.91633868, 'volumeChange24h': -74.5227, 'percentChange1h': 0.15867854, 'percentChange24h': -2.69166721, 'percentChange7d': -1.53524512, 'percentChange30d': 2.80429388, 'percentChange60d': 1.42688788, 'percentChange90d': -53.53828627, 'marketCap': 0, 'marketCapDominance': 0, 'fullyDilutedMarketCap': 13128486.14, 'lastUpdated': {'$date': '2022-03-27T01:54:00Z'}}",False,{'$date': '2022-03-27T01:55:57.622Z'},{'$date': '2022-03-27T01:55:57.622Z'},0
{'$oid': '623fc43517f99988906aa337'},EnterDAO,ENTR,0xd779eea9936b4e323cddff2529eb6f13d0a4d66e,{'$oid': '623c7bc416dc4a608cd24b00'},https://s2.coinmarketcap.com/static/img/coins/64x64/12228.png,18,"{'price': 0.294826913810181, 'volume24h': 91460.03617596, 'volumeChange24h': -32.4955, 'percentChange1h': -0.25211199, 'percentChange24h': -5.48447764, 'percentChange7d': -32.80392687, 'percentChange30d': -46.3131795, 'percentChange60d': -63.13230733, 'percentChange90d': -63.50345361, 'marketCap': 0, 'marketCapDominance': 0, 'fullyDilutedMarketCap': 29482691.38, 'lastUpdated': {'$date': '2022-03-27T01:54:00Z'}}",False,{'$date': '2022-03-27T01:56:05.190Z'},{'$date': '2022-03-27T01:56:05.190Z'},0
{'$oid': '623fc43917f99988906aa33c'},Tempus,TEMP,0xA36FDBBAE3c9d55a1d67EE5821d53B50B63A1aB9,{'$oid': '623c7bc416dc4a608cd24b00'},https://s2.coinmarketcap.com/static/img/coins/64x64/14089.png,18,"{'price': 0.11901942701722701, 'volume24h': 94797.71344108, 'volumeChange24h': -5.3886, 'percentChange1h': -0.05099483, 'percentChange24h': 2.60754585, 'percentChange7d': 1.62123897, 'percentChange30d': 0.15848399999999999, 'percentChange60d': -4.58055575, 'percentChange90d': -32.47266553, 'marketCap': 0, 'marketCapDominance': 0, 'fullyDilutedMarketCap': 119019427.02, 'lastUpdated': {'$date': '2022-03-27T01:54:00Z'}}",False,{'$date': '2022-03-27T01:56:09.196Z'},{'$date': '2022-03-27T01:56:09.196Z'},0
{'$oid': '623fc43b17f99988906aa33f'},Kleros,PNK,0x93ed3fbe21207ec2e8f2d3c3de6e058cb73bc04d,{'$oid': '623c7bc416dc4a608cd24b00'},https://s2.coinmarketcap.com/static/img/coins/64x64/3581.png,18,"{'price': 0.089982610706655, 'volume24h': 483692.61513568, 'volumeChange24h': -35.2768, 'percentChange1h': 0.37172148, 'percentChange24h': 0.9308973500000001, 'percentChange7d': 6.25299908, 'percentChange30d': 18.02330317, 'percentChange60d': 14.32592209, 'percentChange90d': -19.7543651, 'marketCap': 56015007.76902677, 'marketCapDominance': 0.0028, 'fullyDilutedMarketCap': 68803107.04, 'lastUpdated': {'$date': '2022-03-27T01:54:00Z'}}",False,{'$date': '2022-03-27T01:56:11.459Z'},{'$date': '2022-03-27T01:56:11.459Z'},0
{'$oid': '623fc43d17f99988906aa342'},Decentral Games,DG,0x4b520c812e8430659fc9f12f6d0c39026c83588d,{'$oid': '623c7bc416dc4a608cd24b00'},https://s2.coinmarketcap.com/static/img/coins/64x64/15478.png,18,"{'price': 0.332141427733235, 'volume24h': 1092030.14130738, 'volumeChange24h': 20.0652, 'percentChange1h': 0.14375874, 'percentChange24h': -0.965231, 'percentChange7d': -6.43953722, 'percentChange30d': -0.97663471, 'percentChange60d': 6.24748927, 'percentChange90d': -10.64148692, 'marketCap': 155687768.57365626, 'marketCapDominance': 0, 'fullyDilutedMarketCap': 332141427.73, 'lastUpdated': {'$date': '2022-03-27T01:54:00Z'}}",False,{'$date': '2022-03-27T01:56:13.178Z'},{'$date': '2022-03-27T01:56:13.178Z'},0
{'$oid': '623fc44017f99988906aa345'},Flesh Token,FLESH,0x25d4BFeeaE3360E68C466c65A5E8f8D5CEBc5093,{'$oid': '623c7bc416dc4a608cd24b00'},https://s2.coinmarketcap.com/static/img/coins/64x64/14474.png,18,"{'price': 0.00496533910978, 'volume24h': 0, 'volumeChange24h': 0, 'percentChange1h': 0.26898009, 'percentChange24h': 1.53727161, 'percentChange7d': 13.2721002, 'percentChange30d': 63.88898299, 'percentChange60d': -37.68564993, 'percentChange90d': -84.2441054, 'marketCap': 0, 'marketCapDominance': 0, 'fullyDilutedMarketCap': 2923740.63, 'lastUpdated': {'$date': '2022-03-27T01:55:00Z'}}",False,{'$date': '2022-03-27T01:56:16.158Z'},{'$date': '2022-03-27T01:56:16.158Z'},0
{'$oid': '623fc44217f99988906aa348'},ParaSwap,PSP,0xcafe001067cdef266afb7eb5a286dcfd277f3de5,{'$oid': '623c7bc416dc4a608cd24b00'},https://s2.coinmarketcap.com/static/img/coins/64x64/14534.png,18,"{'price': 0.15023775038255302, 'volume24h': 887469.25440595, 'volumeChange24h': 19.2578, 'percentChange1h': -0.04084035, 'percentChange24h': 20.61986807, 'percentChange7d': 104.37175727, 'percentChange30d': 43.53075979, 'percentChange60d': -0.36784443, 'percentChange90d': -67.3508549, 'marketCap': 10950979.863134705, 'marketCapDominance': 0, 'fullyDilutedMarketCap': 300475500.77, 'lastUpdated': {'$date': '2022-03-27T01:55:00Z'}}",False,{'$date': '2022-03-27T01:56:18.411Z'},{'$date': '2022-03-27T01:56:18.411Z'},0
{'$oid': '623fc44417f99988906aa34b'},LeagueDAO,LEAG,0x7b39917f9562c8bc83c7a6c2950ff571375d505d,{'$oid': '623c7bc416dc4a608cd24b00'},https://s2.coinmarketcap.com/static/img/coins/64x64/14131.png,18,"{'price': 0.0069776920283700005, 'volume24h': 8450.69135283, 'volumeChange24h': 13.4647, 'percentChange1h': -0.0041249, 'percentChange24h': -2.9653991, 'percentChange7d': -19.23186284, 'percentChange30d': -50.75750158, 'percentChange60d': -62.41091876, 'percentChange90d': -73.20438052, 'marketCap': 0, 'marketCapDominance': 0, 'fullyDilutedMarketCap': 6977692.03, 'lastUpdated': {'$date': '2022-03-27T01:55:00Z'}}",False,{'$date': '2022-03-27T01:56:20.147Z'},{'$date': '2022-03-27T01:56:20.147Z'},0
{'$oid': '623fc44617f99988906aa34e'},PieDAO DOUGH v2,DOUGH,0xad32A8e6220741182940c5aBF610bDE99E737b2D,{'$oid': '623c7bc416dc4a608cd24b00'},https://s2.coinmarketcap.com/static/img/coins/64x64/7284.png,18,"{'price': 0.24104929270968803, 'volume24h': 125645.34167554, 'volumeChange24h': -9.5619, 'percentChange1h': 0.14807004, 'percentChange24h': 9.47681782, 'percentChange7d': 15.05627734, 'percentChange30d': 14.1515564, 'percentChange60d': 4.50653546, 'percentChange90d': -46.39499309, 'marketCap': 3563346.2762813806, 'marketCapDominance': 0, 'fullyDilutedMarketCap': 21010337.6, 'lastUpdated': {'$date': '2022-03-27T01:55:00Z'}}",False,{'$date': '2022-03-27T01:56:22.186Z'},{'$date': '2022-03-27T01:56:22.186Z'},0
{'$oid': '623fc44817f99988906aa351'},Unlock Protocol,UDT,0x90de74265a416e1393a450752175aed98fe11517,{'$oid': '623c7bc416dc4a608cd24b00'},https://s2.coinmarketcap.com/static/img/coins/64x64/9364.png,18,"{'price': 41.3793184884962, 'volume24h': 25101.46132266, 'volumeChange24h': -17.1656, 'percentChange1h': 0.28531148, 'percentChange24h': -7.34528717, 'percentChange7d': -0.89935287, 'percentChange30d': -17.11721672, 'percentChange60d': -36.52383837, 'percentChange90d': -51.44337611, 'marketCap': 0, 'marketCapDominance': 0, 'fullyDilutedMarketCap': 41379318.49, 'lastUpdated': {'$date': '2022-03-27T01:55:00Z'}}",False,{'$date': '2022-03-27T01:56:24.261Z'},{'$date': '2022-03-27T01:56:24.261Z'},0
{'$oid': '623fc44e17f99988906aa356'},Float Protocol (Bank),BANK,0x24a6a37576377f63f194caa5f518a60f45b42921,{'$oid': '623c7bc416dc4a608cd24b00'},https://s2.coinmarketcap.com/static/img/coins/64x64/8612.png,18,"{'price': 20.370533609549796, 'volume24h': 117804.11672552, 'volumeChange24h': -7.0791, 'percentChange1h': 1.17675823, 'percentChange24h': -0.09333503, 'percentChange7d': 7.30327888, 'percentChange30d': 7.2463042, 'percentChange60d': -14.32048842, 'percentChange90d': -73.26007206, 'marketCap': 3044495.807296435, 'marketCapDominance': 0, 'fullyDilutedMarketCap': 3675850.71, 'lastUpdated': {'$date': '2022-03-27T01:55:00Z'}}",False,{'$date': '2022-03-27T01:56:30.062Z'},{'$date': '2022-03-27T01:56:30.062Z'},0
{'$oid': '623fc44f17f99988906aa359'},SpookySwap,BOO,0x55af5865807b196bd0197e0902746f31fbccfa58,{'$oid': '623c7bc416dc4a608cd24b00'},https://s2.coinmarketcap.com/static/img/coins/64x64/9608.png,18,"{'price': 13.999245867584198, 'volume24h': 5152613.09680746, 'volumeChange24h': 30.7361, 'percentChange1h': 0.28143046, 'percentChange24h': -0.57940046, 'percentChange7d': -0.55355588, 'percentChange30d': -26.89460187, 'percentChange60d': -54.76829778, 'percentChange90d': -35.33599619, 'marketCap': 0, 'marketCapDominance': 0, 'fullyDilutedMarketCap': 191313694.03, 'lastUpdated': {'$date': '2022-03-27T01:55:00Z'}}",False,{'$date': '2022-03-27T01:56:31.794Z'},{'$date': '2022-03-27T01:56:31.794Z'},0
{'$oid': '623fc45117f99988906aa35c'},KNL Ecosystem,KNLC,0x5ba4d3e350acf0ca8d27a1052e55609998bef947,{'$oid': '623c7bc416dc4a608cd24b00'},https://s2.coinmarketcap.com/static/img/coins/64x64/5129.png,18,"{'price': 0, 'volume24h': None, 'volumeChange24h': None, 'percentChange1h': None, 'percentChange24h': None, 'percentChange7d': None, 'percentChange30d': None, 'percentChange60d': None, 'percentChange90d': None, 'marketCap': None, 'marketCapDominance': None, 'fullyDilutedMarketCap': None, 'lastUpdated': {'$date': '2022-03-27T01:56:33.715Z'}}",False,{'$date': '2022-03-27T01:56:33.829Z'},{'$date': '2022-03-27T01:56:33.829Z'},0
{'$oid': '623fc45517f99988906aa360'},CWallet,CW,0xd55236d48606c295adebf129dad04fc74bfaa708,{'$oid': '623c7bc416dc4a608cd24b00'},https://s2.coinmarketcap.com/static/img/coins/64x64/11314.png,18,"{'price': 0.034607997401624, 'volume24h': 3309.45068326, 'volumeChange24h': 442.349, 'percentChange1h': 0.00023091, 'percentChange24h': 2.36673969, 'percentChange7d': -8.37835257, 'percentChange30d': 7.65432846, 'percentChange60d': -40.30940268, 'percentChange90d': -64.36982018, 'marketCap': 0, 'marketCapDominance': 0, 'fullyDilutedMarketCap': 0, 'lastUpdated': {'$date': '2022-03-27T01:55:00Z'}}",False,{'$date': '2022-03-27T01:56:37.528Z'},{'$date': '2022-03-27T01:56:37.528Z'},0
{'$oid': '623fc46017f99988906aa365'},DFX Finance,DFX,0x888888435fde8e7d4c54cab67f206e4199454c60,{'$oid': '623c7bc416dc4a608cd24b00'},https://s2.coinmarketcap.com/static/img/coins/64x64/8666.png,18,"{'price': 0.37883095082530505, 'volume24h': 80368.25816544, 'volumeChange24h': -8.5552, 'percentChange1h': 0.4258493, 'percentChange24h': 5.87705002, 'percentChange7d': 3.7694186800000002, 'percentChange30d': -2.95275382, 'percentChange60d': -39.02581917, 'percentChange90d': -71.57106136, 'marketCap': 0, 'marketCapDominance': 0, 'fullyDilutedMarketCap': 37883095.08, 'lastUpdated': {'$date': '2022-03-27T01:55:00Z'}}",False,{'$date': '2022-03-27T01:56:48.048Z'},{'$date': '2022-03-27T01:56:48.048Z'},0
{'$oid': '623fc46217f99988906aa368'},BlockchainSpace,GUILD,0x83e9f223e1edb3486f876ee888d76bfba26c475a,{'$oid': '623c7bc416dc4a608cd24b00'},https://s2.coinmarketcap.com/static/img/coins/64x64/15664.png,18,"{'price': 0.188032036037831, 'volume24h': 128415.67482252, 'volumeChange24h': 19.2406, 'percentChange1h': -0.07106896, 'percentChange24h': -2.26122735, 'percentChange7d': -2.73414991, 'percentChange30d': -24.705202, 'percentChange60d': -42.97674367, 'percentChange90d': -54.90934448, 'marketCap': 0, 'marketCapDominance': 0, 'fullyDilutedMarketCap': 188032036.04, 'lastUpdated': {'$date': '2022-03-27T01:55:00Z'}}",False,{'$date': '2022-03-27T01:56:50.293Z'},{'$date': '2022-03-27T01:56:50.293Z'},0
{'$oid': '623fc46717f99988906aa36c'},Krause,KRAUSE,0x9f6f91078a5072a8b54695dafa2374ab3ccd603b,{'$oid': '623c7bc416dc4a608cd24b00'},https://s2.coinmarketcap.com/static/img/coins/64x64/15310.png,18,"{'price': 0.7122813538415661, 'volume24h': 1254.128329, 'volumeChange24h': -82.54, 'percentChange1h': 0.26898009, 'percentChange24h': -28.38516888, 'percentChange7d': -12.24048211, 'percentChange30d': 44.90497364, 'percentChange60d': 45.01270041, 'percentChange90d': -67.04382994, 'marketCap': 0, 'marketCapDominance': 0, 'fullyDilutedMarketCap': 0, 'lastUpdated': {'$date': '2022-03-27T01:55:00Z'}}",False,{'$date': '2022-03-27T01:56:55.005Z'},{'$date': '2022-03-27T01:56:55.005Z'},0
{'$oid': '623fc46817f99988906aa36f'},Eden,EDN,0x89020f0d5c5af4f3407eb5fe185416c457b0e93e,{'$oid': '623c7bc416dc4a608cd24b00'},https://s2.coinmarketcap.com/static/img/coins/64x64/3305.png,18,"{'price': 0.005281122730666, 'volume24h': 65156.81291892, 'volumeChange24h': -27.6675, 'percentChange1h': -0.66501227, 'percentChange24h': -1.13679043, 'percentChange7d': 6.8902171800000005, 'percentChange30d': 84.83208174, 'percentChange60d': 85.9203736, 'percentChange90d': 54.36430991, 'marketCap': 3168673.63840006, 'marketCapDominance': 0.0002, 'fullyDilutedMarketCap': 5281122.73, 'lastUpdated': {'$date': '2022-03-27T01:55:00Z'}}",False,{'$date': '2022-03-27T01:56:56.773Z'},{'$date': '2022-03-27T01:56:56.773Z'},0
{'$oid': '623fc46d17f99988906aa372'},Vesper,VSP,0x1b40183efb4dd766f11bda7a7c3ad8982e998421,{'$oid': '623c7bc416dc4a608cd24b00'},https://s2.coinmarketcap.com/static/img/coins/64x64/8492.png,18,"{'price': 2.552032415862706, 'volume24h': 157195.24915426, 'volumeChange24h': 12.2351, 'percentChange1h': 0.16335721, 'percentChange24h': 3.77684879, 'percentChange7d': 27.37469732, 'percentChange30d': 16.62517612, 'percentChange60d': -28.74799133, 'percentChange90d': -37.80015372, 'marketCap': 22182142.814938832, 'marketCapDominance': 0, 'fullyDilutedMarketCap': 25520324.16, 'lastUpdated': {'$date': '2022-03-27T01:55:00Z'}}",False,{'$date': '2022-03-27T01:57:01.301Z'},{'$date': '2022-03-27T01:57:01.301Z'},0
{'$oid': '623fc47017f99988906aa375'},1irstcoin,FST,0x310c93dfc1c5e34cdf51678103f63c41762089cd,{'$oid': '623c7bc416dc4a608cd24b00'},https://s2.coinmarketcap.com/static/img/coins/64x64/3840.png,18,"{'price': 0.012710022377821002, 'volume24h': 4657.39684068, 'volumeChange24h': -19.6716, 'percentChange1h': -0.06673804, 'percentChange24h': -34.16709923, 'percentChange7d': -78.26919566, 'percentChange30d': -38.83579335, 'percentChange60d': -90.89773597, 'percentChange90d': -92.10081405, 'marketCap': 504144.73007368005, 'marketCapDominance': 0, 'fullyDilutedMarketCap': 1271002.24, 'lastUpdated': {'$date': '2022-03-27T01:55:00Z'}}",False,{'$date': '2022-03-27T01:57:04.778Z'},{'$date': '2022-03-27T01:57:04.778Z'},0
{'$oid': '623fc47317f99988906aa378'},NYM,NYM,0x525A8F6F3Ba4752868cde25164382BfbaE3990e1,{'$oid': '623c7bc416dc4a608cd24b00'},https://s2.coinmarketcap.com/static/img/coins/64x64/17591.png,18,"{'price': 0, 'volume24h': None, 'volumeChange24h': None, 'percentChange1h': None, 'percentChange24h': None, 'percentChange7d': None, 'percentChange30d': None, 'percentChange60d': None, 'percentChange90d': None, 'marketCap': None, 'marketCapDominance': None, 'fullyDilutedMarketCap': None, 'lastUpdated': {'$date': '2022-03-27T01:57:07.241Z'}}",False,{'$date': '2022-03-27T01:57:07.358Z'},{'$date': '2022-03-27T01:57:07.358Z'},0
{'$oid': '623fc47817f99988906aa37b'},Tracer DAO,TCR,0x9c4a4204b79dd291d6b6571c5be8bbcd0622f050,{'$oid': '623c7bc416dc4a608cd24b00'},https://s2.coinmarketcap.com/static/img/coins/64x64/12341.png,18,"{'price': 0.20780933327483, 'volume24h': 1413659.30118568, 'volumeChange24h': 4.1588, 'percentChange1h': 0.12875399, 'percentChange24h': 4.92156573, 'percentChange7d': 31.42266213, 'percentChange30d': 0.6729648300000001, 'percentChange60d': 120.34036041, 'percentChange90d': 62.68684056, 'marketCap': 0, 'marketCapDominance': 0, 'fullyDilutedMarketCap': 207809333.27, 'lastUpdated': {'$date': '2022-03-27T01:55:00Z'}}",False,{'$date': '2022-03-27T01:57:12.105Z'},{'$date': '2022-03-27T01:57:12.105Z'},0
{'$oid': '623fc47c17f99988906aa380'},Goldfinch,GFI,0xdab396ccf3d84cf2d07c4454e10c8a6f5b008d2b,{'$oid': '623c7bc416dc4a608cd24b00'},https://s2.coinmarketcap.com/static/img/coins/64x64/13967.png,18,"{'price': 3.029698461806242, 'volume24h': 698164.54007069, 'volumeChange24h': -65.9772, 'percentChange1h': -0.69400795, 'percentChange24h': 0.63238854, 'percentChange7d': 15.67409, 'percentChange30d': 45.09898052, 'percentChange60d': -42.06449871, 'percentChange90d': -54.64523261, 'marketCap': 15367363.785309019, 'marketCapDominance': 0, 'fullyDilutedMarketCap': 346251251.91, 'lastUpdated': {'$date': '2022-03-27T01:56:00Z'}}",False,{'$date': '2022-03-27T01:57:16.341Z'},{'$date': '2022-03-27T01:57:16.341Z'},0
{'$oid': '623fc47e17f99988906aa383'},Bao Finance,BAO,0x374cb8c27130e2c9e04f44303f3c8351b9de61c1,{'$oid': '623c7bc416dc4a608cd24b00'},https://s2.coinmarketcap.com/static/img/coins/64x64/8168.png,18,"{'price': 0.00014528825374000002, 'volume24h': 38110.23902298, 'volumeChange24h': -48.6661, 'percentChange1h': 1.71379322, 'percentChange24h': 1.94219017, 'percentChange7d': 2.21032703, 'percentChange30d': -7.85074684, 'percentChange60d': -17.95051408, 'percentChange90d': -57.46246011, 'marketCap': 4949458.108247591, 'marketCapDominance': 0, 'fullyDilutedMarketCap': 81400791.47, 'lastUpdated': {'$date': '2022-03-27T01:56:00Z'}}",False,{'$date': '2022-03-27T01:57:18.386Z'},{'$date': '2022-03-27T01:57:18.386Z'},0
{'$oid': '623fc48017f99988906aa386'},WHALE,WHALE,0x9355372396e3F6daF13359B7b607a3374cc638e0,{'$oid': '623c7bc416dc4a608cd24b00'},https://s2.coinmarketcap.com/static/img/coins/64x64/6679.png,18,"{'price': 6.027744169389405, 'volume24h': 520615.01803509, 'volumeChange24h': -24.4138, 'percentChange1h': -0.12679692, 'percentChange24h': 0.23334066, 'percentChange7d': 7.85992072, 'percentChange30d': -4.96201576, 'percentChange60d': -22.4039418, 'percentChange90d': -59.19949014, 'marketCap': 46424561.03799895, 'marketCapDominance': 0, 'fullyDilutedMarketCap': 60277441.69, 'lastUpdated': {'$date': '2022-03-27T01:56:00Z'}}",False,{'$date': '2022-03-27T01:57:20.186Z'},{'$date': '2022-03-27T01:57:20.186Z'},0
{'$oid': '623fc48317f99988906aa389'},Stake DAO,SDT,0x73968b9a57c6e53d41345fd57a6e6ae27d6cdb2f,{'$oid': '623c7bc416dc4a608cd24b00'},https://s2.coinmarketcap.com/static/img/coins/64x64/8299.png,18,"{'price': 1.021569729144543, 'volume24h': 35397.3177237, 'volumeChange24h': 8.071, 'percentChange1h': -0.93793061, 'percentChange24h': 1.08109254, 'percentChange7d': -1.29152797, 'percentChange30d': -5.48312693, 'percentChange60d': -35.09826948, 'percentChange90d': -47.4622602, 'marketCap': 723888.3963507396, 'marketCapDominance': 0, 'fullyDilutedMarketCap': 42497300.73, 'lastUpdated': {'$date': '2022-03-27T01:56:00Z'}}",False,{'$date': '2022-03-27T01:57:23.599Z'},{'$date': '2022-03-27T01:57:23.599Z'},0
{'$oid': '623fc48617f99988906aa38d'},dForce,DF,0x431ad2ff6a9c365805ebad47ee021148d6f7dbe0,{'$oid': '623c7bc416dc4a608cd24b00'},https://s2.coinmarketcap.com/static/img/coins/64x64/4758.png,18,"{'price': 0.081301367905611, 'volume24h': 1205094.87865006, 'volumeChange24h': -13.3559, 'percentChange1h': 0.35941911, 'percentChange24h': 2.42094352, 'percentChange7d': 8.05834935, 'percentChange30d': 8.48954957, 'percentChange60d': -20.17891686, 'percentChange90d': -36.55253747, 'marketCap': 33702423.57732368, 'marketCapDominance': 0, 'fullyDilutedMarketCap': 81296081.45, 'lastUpdated': {'$date': '2022-03-27T01:56:00Z'}}",False,{'$date': '2022-03-27T01:57:26.976Z'},{'$date': '2022-03-27T01:57:26.976Z'},0
{'$oid': '623fc48a17f99988906aa390'},PathDAO,PATH,0x2a2550e0a75acec6d811ae3930732f7f3ad67588,{'$oid': '623c7bc416dc4a608cd24b00'},https://s2.coinmarketcap.com/static/img/coins/64x64/15588.png,18,"{'price': 0.030083326517910004, 'volume24h': 12997.9962679, 'volumeChange24h': -62.5459, 'percentChange1h': 0.22118364000000001, 'percentChange24h': -0.26411712, 'percentChange7d': 0.43364154, 'percentChange30d': -20.57993271, 'percentChange60d': -30.07329679, 'percentChange90d': -76.57625929, 'marketCap': 0, 'marketCapDominance': 0, 'fullyDilutedMarketCap': 30083326.52, 'lastUpdated': {'$date': '2022-03-27T01:56:00Z'}}",False,{'$date': '2022-03-27T01:57:30.095Z'},{'$date': '2022-03-27T01:57:30.095Z'},0
{'$oid': '623fc48c17f99988906aa393'},DFBTC,AOM,0x060924fb947e37eee230d0b1a71d9618aec269fc,{'$oid': '623c7bc416dc4a608cd24b00'},https://s2.coinmarketcap.com/static/img/coins/64x64/12298.png,18,"{'price': 0.445725730193581, 'volume24h': 0, 'volumeChange24h': 0, 'percentChange1h': -0.00155456, 'percentChange24h': 0.00023517, 'percentChange7d': -1.99360735, 'percentChange30d': -9.75309875, 'percentChange60d': 3.04448389, 'percentChange90d': -47.16309884, 'marketCap': 0, 'marketCapDominance': 0, 'fullyDilutedMarketCap': 93602403.34, 'lastUpdated': {'$date': '2022-03-27T01:56:00Z'}}",False,{'$date': '2022-03-27T01:57:32.904Z'},{'$date': '2022-03-27T01:57:32.904Z'},0
{'$oid': '623fc49017f99988906aa396'},B.Protocol,BPRO,0xbbbbbbb5aa847a2003fbc6b5c16df0bd1e725f61,{'$oid': '623c7bc416dc4a608cd24b00'},https://s2.coinmarketcap.com/static/img/coins/64x64/10556.png,18,"{'price': 3.934315739057015, 'volume24h': 127469.33905924, 'volumeChange24h': 40.7984, 'percentChange1h': 0.15434135000000002, 'percentChange24h': -1.03697522, 'percentChange7d': -2.00230172, 'percentChange30d': -28.02225815, 'percentChange60d': -32.17166593, 'percentChange90d': -33.67301726, 'marketCap': 0, 'marketCapDominance': 0, 'fullyDilutedMarketCap': 39343157.39, 'lastUpdated': {'$date': '2022-03-27T01:56:00Z'}}",False,{'$date': '2022-03-27T01:57:36.052Z'},{'$date': '2022-03-27T01:57:36.052Z'},0
{'$oid': '623fc49317f99988906aa399'},yAxis,YAXIS,0x0ada190c81b814548ddc2f6adc4a689ce7c1fe73,{'$oid': '623c7bc416dc4a608cd24b00'},https://s2.coinmarketcap.com/static/img/coins/64x64/7222.png,18,"{'price': 0.25665129687451704, 'volume24h': 5482.66588025, 'volumeChange24h': -22.411, 'percentChange1h': 0.26918072, 'percentChange24h': -1.88777415, 'percentChange7d': -24.62125591, 'percentChange30d': -44.6523921, 'percentChange60d': -75.02158383, 'percentChange90d': -71.76961574, 'marketCap': 239172.4188866223, 'marketCapDominance': 0, 'fullyDilutedMarketCap': 2823164.27, 'lastUpdated': {'$date': '2022-03-27T01:56:00Z'}}",False,{'$date': '2022-03-27T01:57:39.635Z'},{'$date': '2022-03-27T01:57:39.635Z'},0
{'$oid': '623fc49617f99988906aa39d'},FIATUM,FIAT,0x88cD0EA6D4b01ABb82De1361323F5D4e6FabB80B,{'$oid': '623c7bc416dc4a608cd24b00'},https://s2.coinmarketcap.com/static/img/coins/64x64/13253.png,18,"{'price': 0, 'volume24h': None, 'volumeChange24h': None, 'percentChange1h': None, 'percentChange24h': None, 'percentChange7d': None, 'percentChange30d': None, 'percentChange60d': None, 'percentChange90d': None, 'marketCap': None, 'marketCapDominance': None, 'fullyDilutedMarketCap': None, 'lastUpdated': {'$date': '2022-03-27T01:57:42.828Z'}}",False,{'$date': '2022-03-27T01:57:42.948Z'},{'$date': '2022-03-27T01:57:42.948Z'},0
{'$oid': '623fc49817f99988906aa3a0'},Indexed Finance,NDX,0x86772b1409b61c639eaac9ba0acfbb6e238e5f83,{'$oid': '623c7bc416dc4a608cd24b00'},https://s2.coinmarketcap.com/static/img/coins/64x64/8260.png,18,"{'price': 1.276768845362713, 'volume24h': 2941.23109646, 'volumeChange24h': -76.0866, 'percentChange1h': 0.26918072, 'percentChange24h': 4.73795328, 'percentChange7d': 31.61543059, 'percentChange30d': -14.21018717, 'percentChange60d': 179.8567381, 'percentChange90d': 47.63434206, 'marketCap': 1091383.285784893, 'marketCapDominance': 0, 'fullyDilutedMarketCap': 12767688.45, 'lastUpdated': {'$date': '2022-03-27T01:56:00Z'}}",False,{'$date': '2022-03-27T01:57:44.712Z'},{'$date': '2022-03-27T01:57:44.712Z'},0
{'$oid': '623fc49b17f99988906aa3a5'},Premia,PREMIA,0x6399C842dD2bE3dE30BF99Bc7D1bBF6Fa3650E70,{'$oid': '623c7bc416dc4a608cd24b00'},https://s2.coinmarketcap.com/static/img/coins/64x64/8476.png,18,"{'price': 1.857853848367549, 'volume24h': 867405.14089296, 'volumeChange24h': -29.7696, 'percentChange1h': 0.10235024000000001, 'percentChange24h': -0.95372276, 'percentChange7d': 46.13353563, 'percentChange30d': 25.855510549999998, 'percentChange60d': -17.37654684, 'percentChange90d': -43.29987779, 'marketCap': 0, 'marketCapDominance': 0, 'fullyDilutedMarketCap': 185785384.84, 'lastUpdated': {'$date': '2022-03-27T01:56:00Z'}}",False,{'$date': '2022-03-27T01:57:47.946Z'},{'$date': '2022-03-27T01:57:47.946Z'},0
{'$oid': '623fc49e17f99988906aa3a8'},Giveth,GIV,0x900db999074d9277c5da2a43f252d74366230da0,{'$oid': '623c7bc416dc4a608cd24b00'},https://s2.coinmarketcap.com/static/img/coins/64x64/17207.png,18,"{'price': 0.392204022775596, 'volume24h': 12522.13621803, 'volumeChange24h': 47.371, 'percentChange1h': 0.42121284000000003, 'percentChange24h': 10.27217814, 'percentChange7d': 0.69998459, 'percentChange30d': -3.39064539, 'percentChange60d': -12.40370843, 'percentChange90d': -45.0540119, 'marketCap': 0, 'marketCapDominance': 0, 'fullyDilutedMarketCap': 392204022.78, 'lastUpdated': {'$date': '2022-03-27T01:56:00Z'}}",False,{'$date': '2022-03-27T01:57:50.250Z'},{'$date': '2022-03-27T01:57:50.250Z'},0
{'$oid': '623fc4a017f99988906aa3ab'},Juicebox,JBX,0x3abf2a4f8452ccc2cf7b4c1e4663147600646f66,{'$oid': '623c7bc416dc4a608cd24b00'},https://s2.coinmarketcap.com/static/img/coins/64x64/15456.png,18,"{'price': 0.008691748724765, 'volume24h': 211960.95618275, 'volumeChange24h': -24.2814, 'percentChange1h': 0.26122008, 'percentChange24h': 14.18634676, 'percentChange7d': 32.10994925, 'percentChange30d': 0.0677073, 'percentChange60d': 113.09966399, 'percentChange90d': -29.24336938, 'marketCap': 0, 'marketCapDominance': 0, 'fullyDilutedMarketCap': 10206497.13, 'lastUpdated': {'$date': '2022-03-27T01:56:00Z'}}",False,{'$date': '2022-03-27T01:57:52.019Z'},{'$date': '2022-03-27T01:57:52.019Z'},0
{'$oid': '623fc4a217f99988906aa3ae'},FairGame,FAIR,0x9b20dabcec77f6289113e61893f7beefaeb1990a,{'$oid': '623c7bc416dc4a608cd24b00'},https://s2.coinmarketcap.com/static/img/coins/64x64/2366.png,18,"{'price': 0.0037125677554840004, 'volume24h': 738628.63737263, 'volumeChange24h': -51.4708, 'percentChange1h': 0.43145629999999996, 'percentChange24h': 0.70579992, 'percentChange7d': 3.41084824, 'percentChange30d': -5.29441568, 'percentChange60d': -6.84203967, 'percentChange90d': -82.35695548, 'marketCap': 3564065.045265179, 'marketCapDominance': 0.0002, 'fullyDilutedMarketCap': 4455081.31, 'lastUpdated': {'$date': '2022-03-27T01:56:00Z'}}",False,{'$date': '2022-03-27T01:57:54.082Z'},{'$date': '2022-03-27T01:57:54.082Z'},0
{'$oid': '623fc4a517f99988906aa3b1'},Ruler Protocol,RULER,0x2aECCB42482cc64E087b6D2e5Da39f5A7A7001f8,{'$oid': '623c7bc416dc4a608cd24b00'},https://s2.coinmarketcap.com/static/img/coins/64x64/8698.png,18,"{'price': 0.40920305770282, 'volume24h': 608.55020636, 'volumeChange24h': -89.5668, 'percentChange1h': 0.08229517, 'percentChange24h': -5.79308682, 'percentChange7d': -35.13104187, 'percentChange30d': -98.14326533, 'percentChange60d': -98.23694187, 'percentChange90d': -98.27909426, 'marketCap': 1530.010232750844, 'marketCapDominance': 0, 'fullyDilutedMarketCap': 409203.06, 'lastUpdated': {'$date': '2021-09-17T15:08:06Z'}}",False,{'$date': '2022-03-27T01:57:57.217Z'},{'$date': '2022-03-27T01:57:57.217Z'},0
{'$oid': '623fc4aa17f99988906aa3b5'},Adventure Gold,AGLD,0x32353a6c91143bfd6c7d363b546e62a9a2489a20,{'$oid': '623c7bc416dc4a608cd24b00'},https://s2.coinmarketcap.com/static/img/coins/64x64/11568.png,18,"{'price': 1.698914462387357, 'volume24h': 12590757.75868426, 'volumeChange24h': -32.8751, 'percentChange1h': 0.29794712, 'percentChange24h': 2.63308124, 'percentChange7d': 18.18185851, 'percentChange30d': 35.44702379, 'percentChange60d': 107.44419141, 'percentChange90d': -26.30466764, 'marketCap': 119212829.52463531, 'marketCapDominance': 0.0059, 'fullyDilutedMarketCap': 119212829.52, 'lastUpdated': {'$date': '2022-03-27T01:56:00Z'}}",False,{'$date': '2022-03-27T01:58:02.510Z'},{'$date': '2022-03-27T01:58:02.510Z'},0
{'$oid': '623fc4ad17f99988906aa3b8'},MetaGaming Guild,MGG,0x7237c0b30b1355f1b76355582f182f6f04b08740,{'$oid': '623c7bc416dc4a608cd24b00'},https://s2.coinmarketcap.com/static/img/coins/64x64/14888.png,18,"{'price': 0.062214044448672005, 'volume24h': 46281.7711235, 'volumeChange24h': -53.5906, 'percentChange1h': 0.0050771900000000005, 'percentChange24h': 0.74431909, 'percentChange7d': 6.07230327, 'percentChange30d': 9.04283093, 'percentChange60d': -59.3527024, 'percentChange90d': -59.3527024, 'marketCap': 0, 'marketCapDominance': 0, 'fullyDilutedMarketCap': 62214044.45, 'lastUpdated': {'$date': '2022-03-27T01:56:00Z'}}",False,{'$date': '2022-03-27T01:58:05.112Z'},{'$date': '2022-03-27T01:58:05.112Z'},0
{'$oid': '623fc4b017f99988906aa3bc'},Litentry,LIT,0xb59490ab09a0f526cc7305822ac65f2ab12f9723,{'$oid': '623c7bc416dc4a608cd24b00'},https://s2.coinmarketcap.com/static/img/coins/64x64/6833.png,18,"{'price': 1.44436935853742, 'volume24h': 10328535.85990722, 'volumeChange24h': -23.1803, 'percentChange1h': 0.9407814999999999, 'percentChange24h': 6.56424043, 'percentChange7d': 13.14048762, 'percentChange30d': 16.97779051, 'percentChange60d': -4.58244235, 'percentChange90d': -57.77030513, 'marketCap': 50363384.95111855, 'marketCapDominance': 0.0025, 'fullyDilutedMarketCap': 144436935.85, 'lastUpdated': {'$date': '2022-03-27T01:56:00Z'}}",False,{'$date': '2022-03-27T01:58:08.375Z'},{'$date': '2022-03-27T01:58:08.375Z'},0
{'$oid': '623fc4b217f99988906aa3bf'},Axl Inu,AXL,0x25b24b3c47918b7962b3e49c4f468367f73cc0e0,{'$oid': '623c7bc416dc4a608cd24b00'},https://s2.coinmarketcap.com/static/img/coins/64x64/15853.png,18,"{'price': 0.00032999194154300005, 'volume24h': 801361.14092299, 'volumeChange24h': 14.6139, 'percentChange1h': -0.69028321, 'percentChange24h': 7.25386267, 'percentChange7d': 15.69997913, 'percentChange30d': 16.03550868, 'percentChange60d': -22.77501595, 'percentChange90d': -91.3729118, 'marketCap': 0, 'marketCapDominance': 0, 'fullyDilutedMarketCap': 32999194.15, 'lastUpdated': {'$date': '2022-03-27T01:56:00Z'}}",False,{'$date': '2022-03-27T01:58:10.689Z'},{'$date': '2022-03-27T01:58:10.689Z'},0
{'$oid': '623fc4b617f99988906aa3c2'},Dfyn Network,DFYN,0x9695e0114e12c0d3a3636fab5a18e6b737529023,{'$oid': '623c7bc416dc4a608cd24b00'},https://s2.coinmarketcap.com/static/img/coins/64x64/9511.png,18,"{'price': 0.091617756445882, 'volume24h': 664193.49656401, 'volumeChange24h': -18.936700000000002, 'percentChange1h': -0.00625021, 'percentChange24h': -2.55856808, 'percentChange7d': 0.03072182, 'percentChange30d': 4.09757787, 'percentChange60d': -48.22534024, 'percentChange90d': -58.71293887, 'marketCap': 8842874.756777618, 'marketCapDominance': 0, 'fullyDilutedMarketCap': 22904439.11, 'lastUpdated': {'$date': '2022-03-27T01:57:00Z'}}",False,{'$date': '2022-03-27T01:58:14.275Z'},{'$date': '2022-03-27T01:58:14.275Z'},0
{'$oid': '623fc4b817f99988906aa3c6'},APY.Finance,APY,0x95a4492F028aa1fd432Ea71146b433E7B4446611,{'$oid': '623c7bc416dc4a608cd24b00'},https://s2.coinmarketcap.com/static/img/coins/64x64/7227.png,18,"{'price': 0.133990816588787, 'volume24h': 94007.68757565, 'volumeChange24h': -25.3867, 'percentChange1h': 0.60678602, 'percentChange24h': 2.05429482, 'percentChange7d': 14.10079407, 'percentChange30d': 40.874129429999996, 'percentChange60d': -14.10495985, 'percentChange90d': -57.20345912, 'marketCap': 8002714.908748992, 'marketCapDominance': 0, 'fullyDilutedMarketCap': 13399081.66, 'lastUpdated': {'$date': '2022-03-27T01:57:00Z'}}",False,{'$date': '2022-03-27T01:58:16.829Z'},{'$date': '2022-03-27T01:58:16.829Z'},0
{'$oid': '623fc4bc17f99988906aa3c9'},Opium,OPIUM,0x888888888889c00c67689029d7856aac1065ec11,{'$oid': '623c7bc416dc4a608cd24b00'},https://s2.coinmarketcap.com/static/img/coins/64x64/7230.png,18,"{'price': 0.529618690049919, 'volume24h': 78280.22099784, 'volumeChange24h': -12.247, 'percentChange1h': 0.19059696, 'percentChange24h': -0.48822187, 'percentChange7d': -1.46217028, 'percentChange30d': -11.60265115, 'percentChange60d': -50.39200977, 'percentChange90d': -69.58876818, 'marketCap': 2203851.411510487, 'marketCapDominance': 0.0001, 'fullyDilutedMarketCap': 52961869, 'lastUpdated': {'$date': '2022-03-27T01:57:00Z'}}",False,{'$date': '2022-03-27T01:58:20.638Z'},{'$date': '2022-03-27T01:58:20.638Z'},0
{'$oid': '623fc4c017f99988906aa3cc'},ShineDAO,SHN,0x1c7ede23b1361acc098a1e357c9085d131b34a01,{'$oid': '623c7bc416dc4a608cd24b00'},https://s2.coinmarketcap.com/static/img/coins/64x64/14857.png,18,"{'price': 0.007153484069382001, 'volume24h': 0, 'volumeChange24h': 0, 'percentChange1h': 0.26832085, 'percentChange24h': 1.53695752, 'percentChange7d': -3.52784125, 'percentChange30d': -13.59061378, 'percentChange60d': -22.65735971, 'percentChange90d': -51.42554168, 'marketCap': 0, 'marketCapDominance': 0, 'fullyDilutedMarketCap': 715348.41, 'lastUpdated': {'$date': '2022-03-27T01:57:00Z'}}",False,{'$date': '2022-03-27T01:58:24.205Z'},{'$date': '2022-03-27T01:58:24.205Z'},0
{'$oid': '623fc4c317f99988906aa3cf'},DeversiFi,DVF,0xdddddd4301a082e62e84e43f474f044423921918,{'$oid': '623c7bc416dc4a608cd24b00'},https://s2.coinmarketcap.com/static/img/coins/64x64/10759.png,18,"{'price': 4.8428579950888775, 'volume24h': 1828672.94587547, 'volumeChange24h': 6.0387, 'percentChange1h': -0.11824647, 'percentChange24h': -1.75447029, 'percentChange7d': -5.75746946, 'percentChange30d': -15.37635307, 'percentChange60d': -18.86153388, 'percentChange90d': -37.39506029, 'marketCap': 116941207.27474697, 'marketCapDominance': 0, 'fullyDilutedMarketCap': 484285799.51, 'lastUpdated': {'$date': '2022-03-27T01:57:00Z'}}",False,{'$date': '2022-03-27T01:58:27.222Z'},{'$date': '2022-03-27T01:58:27.222Z'},0
{'$oid': '623fc4c717f99988906aa3d3'},KeeperDAO,ROOK,0xfa5047c9c78b8877af97bdcb85db743fd7313d4a,{'$oid': '623c7bc416dc4a608cd24b00'},https://s2.coinmarketcap.com/static/img/coins/64x64/7678.png,18,"{'price': 118.89283783828259, 'volume24h': 214836.64931948, 'volumeChange24h': -69.691, 'percentChange1h': 0.04298624, 'percentChange24h': 1.10841949, 'percentChange7d': 1.1264177, 'percentChange30d': 42.67691693, 'percentChange60d': 13.94253322, 'percentChange90d': -38.33380238, 'marketCap': 73432538.19217896, 'marketCapDominance': 0, 'fullyDilutedMarketCap': 178339256.76, 'lastUpdated': {'$date': '2022-03-27T01:57:00Z'}}",False,{'$date': '2022-03-27T01:58:31.592Z'},{'$date': '2022-03-27T01:58:31.592Z'},0
{'$oid': '623fc4ca17f99988906aa3d7'},Avocado DAO Token,AVG,0xa41f142b6eb2b164f8164cae0716892ce02f311f,{'$oid': '623c7bc416dc4a608cd24b00'},https://s2.coinmarketcap.com/static/img/coins/64x64/16543.png,18,"{'price': 0.70445649556816, 'volume24h': 410801.4164943, 'volumeChange24h': 98.7033, 'percentChange1h': -0.22421983, 'percentChange24h': -4.85053515, 'percentChange7d': 9.43334602, 'percentChange30d': 11.42590388, 'percentChange60d': -19.61051935, 'percentChange90d': -32.73783643, 'marketCap': 0, 'marketCapDominance': 0, 'fullyDilutedMarketCap': 704456495.57, 'lastUpdated': {'$date': '2022-03-27T01:57:00Z'}}",False,{'$date': '2022-03-27T01:58:34.793Z'},{'$date': '2022-03-27T01:58:34.793Z'},0
{'$oid': '623fc4ce17f99988906aa3db'},DexKit,KIT,0x7866e48c74cbfb8183cd1a929cd9b95a7a5cb4f4,{'$oid': '623c7bc416dc4a608cd24b00'},https://s2.coinmarketcap.com/static/img/coins/64x64/7739.png,18,"{'price': 0.76442239514772, 'volume24h': 661.45038595, 'volumeChange24h': -58.9089, 'percentChange1h': 0.26832085, 'percentChange24h': 1.7138111299999998, 'percentChange7d': 6.40185397, 'percentChange30d': 6.33921319, 'percentChange60d': 7.48656915, 'percentChange90d': -35.47552887, 'marketCap': 610695.5226387237, 'marketCapDominance': 0, 'fullyDilutedMarketCap': 7644223.95, 'lastUpdated': {'$date': '2022-03-27T01:57:00Z'}}",False,{'$date': '2022-03-27T01:58:38.254Z'},{'$date': '2022-03-27T01:58:38.254Z'},0
{'$oid': '623fc4d317f99988906aa3de'},Liquid Swap,LQD,0x7fe8dac51394157811c71bbf74c133a224a9ff44,{'$oid': '623c7bc416dc4a608cd24b00'},https://s2.coinmarketcap.com/static/img/coins/64x64/17798.png,18,"{'price': 0.005256684105356, 'volume24h': 100.09952999, 'volumeChange24h': 0, 'percentChange1h': 0.26832085, 'percentChange24h': 1.3917505700000001, 'percentChange7d': -7.53821389, 'percentChange30d': -4.89581842, 'percentChange60d': -90.8343585, 'percentChange90d': -90.8343585, 'marketCap': 0, 'marketCapDominance': 0, 'fullyDilutedMarketCap': 0, 'lastUpdated': {'$date': '2022-03-27T01:57:00Z'}}",False,{'$date': '2022-03-27T01:58:43.623Z'},{'$date': '2022-03-27T01:58:43.623Z'},0
{'$oid': '623fc4d917f99988906aa3e4'},Pantos,PAN,0x536381a8628dbcc8c70ac9a30a7258442eab4c92,{'$oid': '623c7bc416dc4a608cd24b00'},https://s2.coinmarketcap.com/static/img/coins/64x64/5924.png,18,"{'price': 0.141897725550158, 'volume24h': 1945.89949458, 'volumeChange24h': -97.9421, 'percentChange1h': 0, 'percentChange24h': 0.04707212, 'percentChange7d': 6.77585271, 'percentChange30d': 19.87841892, 'percentChange60d': 20.30346426, 'percentChange90d': 23.26700481, 'marketCap': 0, 'marketCapDominance': 0, 'fullyDilutedMarketCap': 141897725.55, 'lastUpdated': {'$date': '2022-03-27T01:57:00Z'}}",False,{'$date': '2022-03-27T01:58:49.529Z'},{'$date': '2022-03-27T01:58:49.529Z'},0
{'$oid': '623fc4df17f99988906aa3e9'},Rotten,ROT,0xD04785C4d8195e4A54d9dEc3a9043872875ae9E2,{'$oid': '623c7bc416dc4a608cd24b00'},https://s2.coinmarketcap.com/static/img/coins/64x64/7164.png,18,"{'price': 0.002468368720434, 'volume24h': 0, 'volumeChange24h': 0, 'percentChange1h': 0.60555821, 'percentChange24h': 3.57134588, 'percentChange7d': -13.79692172, 'percentChange30d': 16.119579, 'percentChange60d': -16.19755266, 'percentChange90d': -6.8143904, 'marketCap': 307281.00156193, 'marketCapDominance': 0, 'fullyDilutedMarketCap': 307281, 'lastUpdated': {'$date': '2021-11-21T18:22:12Z'}}",False,{'$date': '2022-03-27T01:58:55.803Z'},{'$date': '2022-03-27T01:58:55.803Z'},0
{'$oid': '623fc4e817f99988906aa3ee'},UniWhales,UWL,0xdbdd6f355a37b94e6c7d32fef548e98a280b8df5,{'$oid': '623c7bc416dc4a608cd24b00'},https://s2.coinmarketcap.com/static/img/coins/64x64/7727.png,18,"{'price': 0.67246694604955, 'volume24h': 0, 'volumeChange24h': -100, 'percentChange1h': 0.26832085, 'percentChange24h': 1.53695752, 'percentChange7d': 12.24460208, 'percentChange30d': 17.09570286, 'percentChange60d': 17.52553412, 'percentChange90d': -33.48886777, 'marketCap': 0, 'marketCapDominance': 0, 'fullyDilutedMarketCap': 6724669.46, 'lastUpdated': {'$date': '2022-03-27T01:57:00Z'}}",False,{'$date': '2022-03-27T01:59:04.282Z'},{'$date': '2022-03-27T01:59:04.282Z'},0
{'$oid': '623fc4ea17f99988906aa3f1'},Pendle,PENDLE,0x808507121b80c02388fad14726482e061b8da827,{'$oid': '623c7bc416dc4a608cd24b00'},https://s2.coinmarketcap.com/static/img/coins/64x64/9481.png,18,"{'price': 0.16200565310712, 'volume24h': 512043.57362268, 'volumeChange24h': -44.9023, 'percentChange1h': -0.17912649, 'percentChange24h': 0.37065508, 'percentChange7d': -7.58357238, 'percentChange30d': -16.05589876, 'percentChange60d': -45.27890232, 'percentChange90d': -42.34680139, 'marketCap': 17609011.990549527, 'marketCapDominance': 0, 'fullyDilutedMarketCap': 40673321.36, 'lastUpdated': {'$date': '2022-03-27T01:57:00Z'}}",False,{'$date': '2022-03-27T01:59:06.021Z'},{'$date': '2022-03-27T01:59:06.021Z'},0
{'$oid': '623fc4ec17f99988906aa3f4'},Daneel,DAN,0x9b70740e708a083c6ff38df52297020f5dfaa5ee,{'$oid': '623c7bc416dc4a608cd24b00'},https://s2.coinmarketcap.com/static/img/coins/64x64/2656.png,18,"{'price': 0.0008506187904, 'volume24h': 0, 'volumeChange24h': 0, 'percentChange1h': 0.75613908, 'percentChange24h': 5.17398928, 'percentChange7d': 9.44229977, 'percentChange30d': 0, 'percentChange60d': 0, 'percentChange90d': 0, 'marketCap': 17218.530076803763, 'marketCapDominance': 0, 'fullyDilutedMarketCap': 0, 'lastUpdated': {'$date': '2020-10-23T03:17:36Z'}}",False,{'$date': '2022-03-27T01:59:08.259Z'},{'$date': '2022-03-27T01:59:08.259Z'},0
{'$oid': '623fc4ee17f99988906aa3f7'},Creator Cabins,CABIN,0x1934e252f840aa98dfce2b6205b3e45c41aef830,{'$oid': '623c7bc416dc4a608cd24b00'},https://s2.coinmarketcap.com/static/img/coins/64x64/18317.png,18,"{'price': 15.195390847954368, 'volume24h': 0, 'volumeChange24h': 0, 'percentChange1h': 0, 'percentChange24h': 0, 'percentChange7d': 0, 'percentChange30d': 12.65995518, 'percentChange60d': 3.81098466, 'percentChange90d': 3.81098466, 'marketCap': 0, 'marketCapDominance': 0, 'fullyDilutedMarketCap': 15195390.85, 'lastUpdated': {'$date': '2022-03-26T18:31:00Z'}}",False,{'$date': '2022-03-27T01:59:10.517Z'},{'$date': '2022-03-27T01:59:10.517Z'},0
{'$oid': '623fc4f017f99988906aa3fa'},Muse,MUSE,0xb6ca7399b4f9ca56fc27cbff44f4d2e4eef1fc81,{'$oid': '623c7bc416dc4a608cd24b00'},https://s2.coinmarketcap.com/static/img/coins/64x64/7805.png,18,"{'price': 25.094815043850108, 'volume24h': 279739.18054754, 'volumeChange24h': 270.465, 'percentChange1h': 0.10328886, 'percentChange24h': 5.26398219, 'percentChange7d': 22.72820198, 'percentChange30d': 27.79909954, 'percentChange60d': 4.72563139, 'percentChange90d': -4.54526978, 'marketCap': 12762068.569810148, 'marketCapDominance': 0, 'fullyDilutedMarketCap': 12762068.57, 'lastUpdated': {'$date': '2022-03-27T01:57:00Z'}}",False,{'$date': '2022-03-27T01:59:12.679Z'},{'$date': '2022-03-27T01:59:12.679Z'},0
{'$oid': '623fc4f417f99988906aa3fd'},Riot Racers,RIOT,0xf56408077487cb879c992909c5b5c66d68c02eb4,{'$oid': '623c7bc416dc4a608cd24b00'},https://s2.coinmarketcap.com/static/img/coins/64x64/12951.png,18,"{'price': 0.223120112874222, 'volume24h': 1613.82302159, 'volumeChange24h': 47.9742, 'percentChange1h': 0.09772016, 'percentChange24h': 0.43510933, 'percentChange7d': 1.25091481, 'percentChange30d': -17.4338897, 'percentChange60d': -20.14869586, 'percentChange90d': -50.95762837, 'marketCap': 0, 'marketCapDominance': 0, 'fullyDilutedMarketCap': 55780028.22, 'lastUpdated': {'$date': '2022-03-27T01:58:00Z'}}",False,{'$date': '2022-03-27T01:59:16.874Z'},{'$date': '2022-03-27T01:59:16.874Z'},0
{'$oid': '623fc4f717f99988906aa400'},Degenerator Meme,MEME,0xd5525d397898e5502075ea5e830d8914f6f0affe,{'$oid': '623c7bc416dc4a608cd24b00'},https://s2.coinmarketcap.com/static/img/coins/64x64/6597.png,18,"{'price': 258.6933150670272, 'volume24h': 115039.86565324, 'volumeChange24h': -26.512, 'percentChange1h': -0.42308171, 'percentChange24h': -7.89903387, 'percentChange7d': -10.97532837, 'percentChange30d': 14.77500816, 'percentChange60d': -0.26265835, 'percentChange90d': -59.7781515, 'marketCap': 7243412.8218767615, 'marketCapDominance': 0, 'fullyDilutedMarketCap': 7243412.82, 'lastUpdated': {'$date': '2022-03-27T01:58:00Z'}}",False,{'$date': '2022-03-27T01:59:19.794Z'},{'$date': '2022-03-27T01:59:19.794Z'},0
{'$oid': '623fc4fe17f99988906aa407'},Volatility Protocol Token,VOL,0x5166E09628b696285E3A151e84FB977736a83575,{'$oid': '623c7bc416dc4a608cd24b00'},https://s2.coinmarketcap.com/static/img/coins/64x64/10424.png,18,"{'price': 0.059009564336028004, 'volume24h': 5595.73078039, 'volumeChange24h': 871.6544, 'percentChange1h': 0.09772016, 'percentChange24h': -2.27221246, 'percentChange7d': -3.80337127, 'percentChange30d': -10.07135298, 'percentChange60d': -33.03920426, 'percentChange90d': -77.09353662, 'marketCap': 0, 'marketCapDominance': 0, 'fullyDilutedMarketCap': 0, 'lastUpdated': {'$date': '2022-03-27T01:58:00Z'}}",False,{'$date': '2022-03-27T01:59:26.092Z'},{'$date': '2022-03-27T01:59:26.092Z'},0
{'$oid': '623fc50117f99988906aa40a'},Kyber Network Crystal v2,KNC,0xdeFA4e8a7bcBA345F687a2f1456F5Edd9CE97202,{'$oid': '623c7bc416dc4a608cd24b00'},https://s2.coinmarketcap.com/static/img/coins/64x64/9444.png,18,"{'price': 3.094167502427068, 'volume24h': 45914441.91357231, 'volumeChange24h': -40.7244, 'percentChange1h': -0.09891295, 'percentChange24h': -2.76655968, 'percentChange7d': -5.18676657, 'percentChange30d': 70.76497223, 'percentChange60d': 80.14353645, 'percentChange90d': 121.32678169, 'marketCap': 550171910.9438201, 'marketCapDominance': 0.027200000000000002, 'fullyDilutedMarketCap': 550171910.94, 'lastUpdated': {'$date': '2022-03-27T01:58:00Z'}}",False,{'$date': '2022-03-27T01:59:29.026Z'},{'$date': '2022-03-27T01:59:29.026Z'},0
{'$oid': '623fc50417f99988906aa40e'},Tokenlon Network Token,LON,0x0000000000095413afc295d19edeb1ad7b71c952,{'$oid': '623c7bc416dc4a608cd24b00'},https://s2.coinmarketcap.com/static/img/coins/64x64/8083.png,18,"{'price': 0.9936195483132061, 'volume24h': 2759856.14859478, 'volumeChange24h': -3.5576, 'percentChange1h': -0.12443918, 'percentChange24h': 2.62345477, 'percentChange7d': 2.87196204, 'percentChange30d': -5.3015025399999995, 'percentChange60d': -8.59849025, 'percentChange90d': -40.78597232, 'marketCap': 44275055.84256472, 'marketCapDominance': 0, 'fullyDilutedMarketCap': 198723909.66, 'lastUpdated': {'$date': '2022-03-27T01:58:00Z'}}",False,{'$date': '2022-03-27T01:59:32.523Z'},{'$date': '2022-03-27T01:59:32.523Z'},0
{'$oid': '623fc50617f99988906aa411'},SBank,STS,0x4c14114c107d6374ec31981f5f6cc27a13e22f9a,{'$oid': '623c7bc416dc4a608cd24b00'},https://s2.coinmarketcap.com/static/img/coins/64x64/5039.png,18,"{'price': 0.004543092382991, 'volume24h': 0, 'volumeChange24h': 0, 'percentChange1h': 0.10811642, 'percentChange24h': -1.091541, 'percentChange7d': -0.89597655, 'percentChange30d': 5.76603025, 'percentChange60d': -48.13877722, 'percentChange90d': -68.86408486, 'marketCap': 66556.30340629067, 'marketCapDominance': 0, 'fullyDilutedMarketCap': 227154.62, 'lastUpdated': {'$date': '2022-03-27T01:58:00Z'}}",False,{'$date': '2022-03-27T01:59:34.242Z'},{'$date': '2022-03-27T01:59:34.242Z'},0
{'$oid': '623fc50c17f99988906aa415'},Portion,PRT,0x6D0F5149c502faf215C89ab306ec3E50b15e2892,{'$oid': '623c7bc416dc4a608cd24b00'},https://s2.coinmarketcap.com/static/img/coins/64x64/7348.png,18,"{'price': 0.00980580598388, 'volume24h': 10583.4369662, 'volumeChange24h': -84.0354, 'percentChange1h': 0.09564307, 'percentChange24h': -1.76284082, 'percentChange7d': -1.44873268, 'percentChange30d': 42.78465995, 'percentChange60d': 11.94014558, 'percentChange90d': -15.22081173, 'marketCap': 4552874.16687665, 'marketCapDominance': 0, 'fullyDilutedMarketCap': 14708708.98, 'lastUpdated': {'$date': '2022-03-27T01:58:00Z'}}",False,{'$date': '2022-03-27T01:59:40.153Z'},{'$date': '2022-03-27T01:59:40.153Z'},0
{'$oid': '623fc51017f99988906aa419'},MeebitsDAO Pool,MBBT,0x4eE4f96838454E67Fce92B2c53b0f1a97D047179,{'$oid': '623c7bc416dc4a608cd24b00'},https://s2.coinmarketcap.com/static/img/coins/64x64/15276.png,18,"{'price': 9.094205775372018, 'volume24h': 90.88658855, 'volumeChange24h': 0, 'percentChange1h': 0.09772016, 'percentChange24h': 1.13307819, 'percentChange7d': 12.74368811, 'percentChange30d': 83.28627332, 'percentChange60d': 34.33629865, 'percentChange90d': -42.55495051, 'marketCap': 0, 'marketCapDominance': 0, 'fullyDilutedMarketCap': 909420.58, 'lastUpdated': {'$date': '2022-03-27T01:58:00Z'}}",False,{'$date': '2022-03-27T01:59:44.792Z'},{'$date': '2022-03-27T01:59:44.792Z'},0
{'$oid': '623fc51217f99988906aa41c'},Dog Collar,COLLAR,0x9783b81438c24848f85848f8df31845097341771,{'$oid': '623c7bc416dc4a608cd24b00'},https://s2.coinmarketcap.com/static/img/coins/64x64/12516.png,18,"{'price': 1.2517666425545871e-08, 'volume24h': 13569.49448084, 'volumeChange24h': 134.6385, 'percentChange1h': 0.20156639, 'percentChange24h': 8.59531442, 'percentChange7d': 8.88722518, 'percentChange30d': -8.4558047, 'percentChange60d': -41.16424888, 'percentChange90d': -54.07000622, 'marketCap': 0, 'marketCapDominance': 0, 'fullyDilutedMarketCap': 6258833.21, 'lastUpdated': {'$date': '2022-03-27T01:58:00Z'}}",False,{'$date': '2022-03-27T01:59:46.493Z'},{'$date': '2022-03-27T01:59:46.493Z'},0
{'$oid': '623fc51417f99988906aa41f'},Civilization,CIV,0x37fe0f067fa808ffbdd12891c0858532cfe7361d,{'$oid': '623c7bc416dc4a608cd24b00'},https://s2.coinmarketcap.com/static/img/coins/64x64/11345.png,18,"{'price': 0.09524610474731701, 'volume24h': 1008678.3240638, 'volumeChange24h': 20.0536, 'percentChange1h': 0.13227399, 'percentChange24h': 8.35767861, 'percentChange7d': 1.52453126, 'percentChange30d': -0.87229109, 'percentChange60d': -23.24350087, 'percentChange90d': -8.78218763, 'marketCap': 28573831.42419532, 'marketCapDominance': 0, 'fullyDilutedMarketCap': 28562681.92, 'lastUpdated': {'$date': '2022-03-27T01:58:00Z'}}",False,{'$date': '2022-03-27T01:59:48.241Z'},{'$date': '2022-03-27T01:59:48.241Z'},0
{'$oid': '623fc51817f99988906aa423'},Quidd,QUIDD,0xDA9FDAb21bC4A5811134A6E0Ba6CA06624e67c07,{'$oid': '623c7bc416dc4a608cd24b00'},https://s2.coinmarketcap.com/static/img/coins/64x64/12070.png,18,"{'price': 0.39811230532727904, 'volume24h': 91869.80668899, 'volumeChange24h': -96.8152, 'percentChange1h': 0.17254955, 'percentChange24h': 2.24530916, 'percentChange7d': 11.89918595, 'percentChange30d': -9.67954802, 'percentChange60d': -32.30332839, 'percentChange90d': -79.70578115, 'marketCap': 0, 'marketCapDominance': 0, 'fullyDilutedMarketCap': 398112305.33, 'lastUpdated': {'$date': '2022-03-27T01:58:00Z'}}",False,{'$date': '2022-03-27T01:59:52.123Z'},{'$date': '2022-03-27T01:59:52.123Z'},0
{'$oid': '623fc51a17f99988906aa426'},BlackPool,BPT,0x0eC9F76202a7061eB9b3a7D6B59D36215A7e37da,{'$oid': '623c7bc416dc4a608cd24b00'},https://s2.coinmarketcap.com/static/img/coins/64x64/10402.png,18,"{'price': 2.8124387563400033, 'volume24h': 18442.24548696, 'volumeChange24h': -64.6983, 'percentChange1h': 1.39885904, 'percentChange24h': -1.28797891, 'percentChange7d': -5.48447994, 'percentChange30d': -0.31124986, 'percentChange60d': -30.78848836, 'percentChange90d': -58.33205808, 'marketCap': 0, 'marketCapDominance': 0, 'fullyDilutedMarketCap': 281243875.63, 'lastUpdated': {'$date': '2022-03-27T01:58:00Z'}}",False,{'$date': '2022-03-27T01:59:54.170Z'},{'$date': '2022-03-27T01:59:54.170Z'},0
{'$oid': '623fc51e17f99988906aa429'},ARC Governance,ARCX,0x1321f1f1aa541a56c31682c57b80ecfccd9bb288,{'$oid': '623c7bc416dc4a608cd24b00'},https://s2.coinmarketcap.com/static/img/coins/64x64/10515.png,18,"{'price': 0.118550323011886, 'volume24h': 1217.62941508, 'volumeChange24h': -54.3378, 'percentChange1h': 0.09770344, 'percentChange24h': 0.2385038, 'percentChange7d': 3.64622487, 'percentChange30d': -27.37910163, 'percentChange60d': -32.6554365, 'percentChange90d': -57.60115005, 'marketCap': 0, 'marketCapDominance': 0, 'fullyDilutedMarketCap': 11855032.3, 'lastUpdated': {'$date': '2022-03-27T01:58:00Z'}}",False,{'$date': '2022-03-27T01:59:58.549Z'},{'$date': '2022-03-27T01:59:58.549Z'},0
{'$oid': '623fc52217f99988906aa42c'},Phantasma,SOUL,0x79c75e2e8720b39e258f41c37cc4f309e0b0ff80,{'$oid': '623c7bc416dc4a608cd24b00'},https://s2.coinmarketcap.com/static/img/coins/64x64/2827.png,18,"{'price': 1.129460070137744, 'volume24h': 1007732.43720084, 'volumeChange24h': -17.317, 'percentChange1h': 0.18723361, 'percentChange24h': 0.14705193, 'percentChange7d': -2.25616135, 'percentChange30d': -10.91398856, 'percentChange60d': -33.69500041, 'percentChange90d': -52.85831369, 'marketCap': 117814043.165832, 'marketCapDominance': 0.0058000000000000005, 'fullyDilutedMarketCap': 117814043.17, 'lastUpdated': {'$date': '2022-03-27T01:58:00Z'}}",False,{'$date': '2022-03-27T02:00:02.018Z'},{'$date': '2022-03-27T02:00:02.018Z'},0
{'$oid': '623fc52617f99988906aa42f'},DivineDAO,DIVINE,0xb5e09e6bf6a5e96934b3fd99a40f7edaca1173ed,{'$oid': '623c7bc416dc4a608cd24b00'},https://s2.coinmarketcap.com/static/img/coins/64x64/12913.png,18,"{'price': 0.056754026551096, 'volume24h': 574.94280098, 'volumeChange24h': 0, 'percentChange1h': 0.09772016, 'percentChange24h': 0.84631308, 'percentChange7d': 14.58948218, 'percentChange30d': -8.64787827, 'percentChange60d': 1.39457089, 'percentChange90d': -55.51229617, 'marketCap': 0, 'marketCapDominance': 0, 'fullyDilutedMarketCap': 6265644.53, 'lastUpdated': {'$date': '2022-03-27T01:58:00Z'}}",False,{'$date': '2022-03-27T02:00:06.785Z'},{'$date': '2022-03-27T02:00:06.785Z'},0
